Workbook

Sheet Personal de Apoyo
B2: CORPORACION SOCORRISTAS GRUPO DE APOYO | K2: FECHA DE REALIZACION : FR
K3: Atencion Victimas de Violencia Sexual: AVVS
B4: VERIFICACION DEL TALENTO HUMANO | K4: Atencion a Victimas de Ataques con Agentes Quimicos: AVAQ
K5: Reanimacion Cerebro Cardio Pulmonar : BLS
B6: Nº | C6: NOMBRES | D6: APELLIDOS | E6: CONTACTO | F6: NÚMERO DE IDENTIFICACIÓN | G6: REGISTRO | H6: HOJA DE VIDA | I6: RETHUS | J6: ACTA O DIPLOMA | K6: RESOLUCION / TARJETA PROFESIONAL | L6: BLS | P6: AVVS | T6: AVAQ | AB6: CUMPLIMIENTO DOCUMENTO | AC6: DOCUMENTO CERTIFICADO | AD6: TOTAL CUMPLIMIENTO
L9: FR | M9: FV | N9: Dias | O9: Vigente | P9: FR | Q9: FV | R9: Dias | S9: Vigente | T9: FR | U9: FV | V9: Dias | W9: Vigente | X9: CT | Y9: VT | Z9: C | AA9: V
C10: ACTIVOS
C12: =LOOKUP(F12,BD!C:C,BD!A:A) -> ADRIANA | D12: =LOOKUP(F12,BD!C:C,BD!B:B) -> GUERRA QUINTERO | E12: 3024066094 | F12: 1035920680 | G12: =LOOKUP(F12,BD!C:C,BD!D:D) -> 5546622 | H12: OK | I12: OK | J12: OK | K12: OK | L12: 45738 | M12: =L12+730 -> 46468 | N12: =M12-NOW() -> 246.49944 | O12: =IF(N12<=1,"NO CUMPLE",IF(N12>=2,"VIGENTE")) -> VIGENTE | P12: 45751 | Q12: =P12+730 -> 46481 | R12: =Q12-NOW() -> 259.49944 | S12: =IF(R12<=1,"NO CUMPLE",IF(R12>=2,"VIGENTE")) -> VIGENTE | T12: 45749 | U12: =T12+730 -> 46479 | V12: =U12-NOW() -> 257.49944 | W12: =IF(V12<=1,"NO CUMPLE",IF(V12>=2,"VIGENTE")) -> VIGENTE | X12: 4 | Y12: 3 | Z12: =COUNTIF(H12:K12,"OK") -> 4 | AA12: =COUNTIF(L12:W12,"VIGENTE") -> 3 | AB12: =Z12/X12 -> 1 | AC12: =AA12/Y12 -> 1 | AD12: =(Z12+AA12)/7 -> 1
C13: =LOOKUP(F13,BD!C:C,BD!A:A) -> ALEJANDRA | D13: =LOOKUP(F13,BD!C:C,BD!B:B) -> GALLEGO HERNANDEZ | E13: 3126301067 | F13: 1017256315 | G13: =LOOKUP(F13,BD!C:C,BD!D:D) -> 25060172567 | H13: OK | I13: OK | J13: OK | K13: OK | L13: 45597 | M13: =L13+730 -> 46327 | N13: =M13-NOW() -> 105.49944 | O13: =IF(N13<=1,"NO CUMPLE",IF(N13>=2,"VIGENTE")) -> VIGENTE | P13: 45846 | Q13: =P13+365 -> 46211 | R13: =Q13-NOW() -> -10.50056 | S13: =IF(R13<=1,"NO CUMPLE",IF(R13>=2,"VIGENTE")) -> NO CUMPLE | T13: 45846 | U13: =T13+365 -> 46211 | V13: =U13-NOW() -> -10.50056 | W13: =IF(V13<=1,"NO CUMPLE",IF(V13>=2,"VIGENTE")) -> NO CUMPLE | X13: 4 | Y13: 3 | Z13: =COUNTIF(H13:K13,"OK") -> 4 | AA13: =COUNTIF(L13:W13,"VIGENTE") -> 1 | AB13: =Z13/X13 -> 1 | AC13: =AA13/Y13 -> 0.33333333 | AD13: =(Z13+AA13)/7 -> 0.71428571
C14: =LOOKUP(F14,BD!C:C,BD!A:A) -> ANA MARIA | D14: =LOOKUP(F14,BD!C:C,BD!B:B) -> ARENAS CAÑAS | E14: 3225836324 | F14: 1000756090 | G14: =LOOKUP(F14,BD!C:C,BD!D:D) -> 5645223 | H14: OK | I14: OK | J14: OK | K14: OK | L14: 45882 | M14: =L14+730 -> 46612 | N14: =M14-NOW() -> 390.49944 | O14: =IF(N14<=1,"NO CUMPLE",IF(N14>=2,"VIGENTE")) -> VIGENTE | P14: 45882 | Q14: =P14+730 -> 46612 | R14: =Q14-NOW() -> 390.49944 | S14: =IF(R14<=1,"NO CUMPLE",IF(R14>=2,"VIGENTE")) -> VIGENTE | T14: 45882 | U14: =T14+730 -> 46612 | V14: =U14-NOW() -> 390.49944 | W14: =IF(V14<=1,"NO CUMPLE",IF(V14>=2,"VIGENTE")) -> VIGENTE | X14: 4 | Y14: 3 | Z14: =COUNTIF(H14:K14,"OK") -> 4 | AA14: =COUNTIF(L14:W14,"VIGENTE") -> 3 | AB14: =Z14/X14 -> 1 | AC14: =AA14/Y14 -> 1 | AD14: =(Z14+AA14)/7 -> 1
C15: =LOOKUP(F15,BD!C:C,BD!A:A) -> ANA MARIA | D15: =LOOKUP(F15,BD!C:C,BD!B:B) -> PALOMINO RIOS | E15: 3218787093 | F15: 1007240502 | G15: =LOOKUP(F15,BD!C:C,BD!D:D) -> 5454319 | H15: OK | I15: OK | J15: OK | K15: OK | L15: 45541 | M15: =L15+730 -> 46271 | N15: =M15-NOW() -> 49.49944 | O15: =IF(N15<=1,"NO CUMPLE",IF(N15>=2,"VIGENTE")) -> VIGENTE | P15: 45906 | Q15: =P15+365 -> 46271 | R15: =Q15-NOW() -> 49.49944 | S15: =IF(R15<=1,"NO CUMPLE",IF(R15>=2,"VIGENTE")) -> VIGENTE | T15: 45906 | U15: =T15+365 -> 46271 | V15: =U15-NOW() -> 49.49944 | W15: =IF(V15<=1,"NO CUMPLE",IF(V15>=2,"VIGENTE")) -> VIGENTE | X15: 4 | Y15: 3 | Z15: =COUNTIF(H15:K15,"OK") -> 4 | AA15: =COUNTIF(L15:W15,"VIGENTE") -> 3 | AB15: =Z15/X15 -> 1 | AC15: =AA15/Y15 -> 1 | AD15: =(Z15+AA15)/7 -> 1
C16: =LOOKUP(F16,BD!C:C,BD!A:A) -> ANA MARIA | D16: =LOOKUP(F16,BD!C:C,BD!B:B) -> TORRES GOMEZ | E16: 3235038560 | F16: 1036448594 | G16: =LOOKUP(F16,BD!C:C,BD!D:D) -> 25061557315 | H16: OK | I16: OK | J16: OK | K16: OK | L16: 46065 | M16: =L16+365 -> 46430 | N16: =M16-NOW() -> 208.49944 | O16: =IF(N16<=1,"NO CUMPLE",IF(N16>=2,"VIGENTE")) -> VIGENTE | P16: 46067 | Q16: =P16+730 -> 46797 | R16: =Q16-NOW() -> 575.49944 | S16: =IF(R16<=1,"NO CUMPLE",IF(R16>=2,"VIGENTE")) -> VIGENTE | T16: 46066 | U16: =T16+730 -> 46796 | V16: =U16-NOW() -> 574.49944 | W16: =IF(V16<=1,"NO CUMPLE",IF(V16>=2,"VIGENTE")) -> VIGENTE | X16: 4 | Y16: 3 | Z16: =COUNTIF(H16:K16,"OK") -> 4 | AA16: =COUNTIF(L16:W16,"VIGENTE") -> 3 | AB16: =Z16/X16 -> 1 | AC16: =AA16/Y16 -> 1 | AD16: =(Z16+AA16)/7 -> 1
C17: =LOOKUP(F17,BD!C:C,BD!A:A) -> BETSY ALEJANDRA | D17: =LOOKUP(F17,BD!C:C,BD!B:B) -> MONOGA CASTRO | E17: 3153854371 | F17: 1118559091 | G17: =LOOKUP(F17,BD!C:C,BD!D:D) -> 547719 | H17: OK | I17: OK | J17: OK | K17: OK | L17: 46087 | M17: =L17+730 -> 46817 | N17: =M17-NOW() -> 595.49944 | O17: =IF(N17<=1,"NO CUMPLE",IF(N17>=2,"VIGENTE")) -> VIGENTE | P17: 45842 | Q17: =P17+730 -> 46572 | R17: =Q17-NOW() -> 350.49944 | S17: =IF(R17<=1,"NO CUMPLE",IF(R17>=2,"VIGENTE")) -> VIGENTE | T17: 45954 | U17: =T17+365 -> 46319 | V17: =U17-NOW() -> 97.49944 | W17: =IF(V17<=1,"NO CUMPLE",IF(V17>=2,"VIGENTE")) -> VIGENTE | X17: 4 | Y17: 3 | Z17: =COUNTIF(H17:K17,"OK") -> 4 | AA17: =COUNTIF(L17:W17,"VIGENTE") -> 3 | AB17: =Z17/X17 -> 1 | AC17: =AA17/Y17 -> 1 | AD17: =(Z17+AA17)/7 -> 1
C18: =LOOKUP(F18,BD!C:C,BD!A:A) -> CAROLINA | D18: =LOOKUP(F18,BD!C:C,BD!B:B) -> OCAMPO GONZALEZ | E18: 3113816736 | F18: 1000295495 | G18: =LOOKUP(F18,BD!C:C,BD!D:D) -> 5323423 | H18: OK | I18: OK | J18: OK | K18: OK | L18: 46120 | M18: =L18+730 -> 46850 | N18: =M18-NOW() -> 628.49944 | O18: =IF(N18<=1,"NO CUMPLE",IF(N18>=2,"VIGENTE")) -> VIGENTE | P18: 46120 | Q18: =P18+365 -> 46485 | R18: =Q18-NOW() -> 263.49944 | S18: =IF(R18<=1,"NO CUMPLE",IF(R18>=2,"VIGENTE")) -> VIGENTE | T18: 46120 | U18: =T18+365 -> 46485 | V18: =U18-NOW() -> 263.49944 | W18: =IF(V18<=1,"NO CUMPLE",IF(V18>=2,"VIGENTE")) -> VIGENTE | X18: 4 | Y18: 3 | Z18: =COUNTIF(H18:K18,"OK") -> 4 | AA18: =COUNTIF(L18:W18,"VIGENTE") -> 3 | AB18: =Z18/X18 -> 1 | AC18: =AA18/Y18 -> 1 | AD18: =(Z18+AA18)/7 -> 1
C19: =LOOKUP(F19,BD!C:C,BD!A:A) -> CLARA INES | D19: =LOOKUP(F19,BD!C:C,BD!B:B) -> CARDONA ALVAREZ | E19: 3014324032 | F19: 1020400543 | G19: =LOOKUP(F19,BD!C:C,BD!D:D) -> 5353921 | H19: OK | I19: OK | J19: OK | K19: OK | L19: 45880 | M19: =L19+730 -> 46610 | N19: =M19-NOW() -> 388.49944 | O19: =IF(N19<=1,"NO CUMPLE",IF(N19>=2,"VIGENTE")) -> VIGENTE | P19: 45874 | Q19: =P19+365 -> 46239 | R19: =Q19-NOW() -> 17.49944 | S19: =IF(R19<=1,"NO CUMPLE",IF(R19>=2,"VIGENTE")) -> VIGENTE | T19: 45909 | U19: =T19+365 -> 46274 | V19: =U19-NOW() -> 52.49944 | W19: =IF(V19<=1,"NO CUMPLE",IF(V19>=2,"VIGENTE")) -> VIGENTE | X19: 4 | Y19: 3 | Z19: =COUNTIF(H19:K19,"OK") -> 4 | AA19: =COUNTIF(L19:W19,"VIGENTE") -> 3 | AB19: =Z19/X19 -> 1 | AC19: =AA19/Y19 -> 1 | AD19: =(Z19+AA19)/7 -> 1
C20: =LOOKUP(F20,BD!C:C,BD!A:A) -> CLAUDIA XIMENA | D20: =LOOKUP(F20,BD!C:C,BD!B:B) -> CASTAÑO BARRADA | E20: 3186455863 | F20: 1115070893 | G20: =LOOKUP(F20,BD!C:C,BD!D:D) -> 7640032016 | H20: OK | I20: OK | J20: OK | K20: OK | L20: 45873 | M20: =L20+730 -> 46603 | N20: =M20-NOW() -> 381.49944 | O20: =IF(N20<=1,"NO CUMPLE",IF(N20>=2,"VIGENTE")) -> VIGENTE | P20: 45871 | Q20: =P20+365 -> 46236 | R20: =Q20-NOW() -> 14.49944 | S20: =IF(R20<=1,"NO CUMPLE",IF(R20>=2,"VIGENTE")) -> VIGENTE | T20: 45870 | U20: =T20+365 -> 46235 | V20: =U20-NOW() -> 13.49944 | W20: =IF(V20<=1,"NO CUMPLE",IF(V20>=2,"VIGENTE")) -> VIGENTE | X20: 4 | Y20: 3 | Z20: =COUNTIF(H20:K20,"OK") -> 4 | AA20: =COUNTIF(L20:W20,"VIGENTE") -> 3 | AB20: =Z20/X20 -> 1 | AC20: =AA20/Y20 -> 1 | AD20: =(Z20+AA20)/7 -> 1
C21: =LOOKUP(F21,BD!C:C,BD!A:A) -> CRISTIAN FELIPE | D21: =LOOKUP(F21,BD!C:C,BD!B:B) -> ALVAREZ MALDONADO | E21: 3207358413 | F21: 1000204371 | G21: =LOOKUP(F21,BD!C:C,BD!D:D) -> 26060001495 | H21: OK | I21: OK | J21: OK | K21: OK | L21: 45895 | M21: =L21+730 -> 46625 | N21: =M21-NOW() -> 403.49944 | O21: =IF(N21<=1,"NO CUMPLE",IF(N21>=2,"VIGENTE")) -> VIGENTE | P21: 46071 | Q21: =P21+730 -> 46801 | R21: =Q21-NOW() -> 579.49944 | S21: =IF(R21<=1,"NO CUMPLE",IF(R21>=2,"VIGENTE")) -> VIGENTE | T21: 46155 | U21: =T21+730 -> 46885 | V21: =U21-NOW() -> 663.49944 | W21: =IF(V21<=1,"NO CUMPLE",IF(V21>=2,"VIGENTE")) -> VIGENTE | X21: 4 | Y21: 3 | Z21: =COUNTIF(H21:K21,"OK") -> 4 | AA21: =COUNTIF(L21:W21,"VIGENTE") -> 3 | AB21: =Z21/X21 -> 1 | AC21: =AA21/Y21 -> 1 | AD21: =(Z21+AA21)/7 -> 1
C22: =LOOKUP(F22,BD!C:C,BD!A:A) -> DAMARIS | D22: =LOOKUP(F22,BD!C:C,BD!B:B) -> FLOREZ ALVAREZ | E22: 3215552880 | F22: 1128419525 | G22: =LOOKUP(F22,BD!C:C,BD!D:D) -> 5180921 | H22: OK | I22: OK | J22: OK | K22: OK | L22: 45713 | M22: =L22+730 -> 46443 | N22: =M22-NOW() -> 221.49944 | O22: =IF(N22<=1,"NO CUMPLE",IF(N22>=2,"VIGENTE")) -> VIGENTE | P22: 45873 | Q22: =P22+730 -> 46603 | R22: =Q22-NOW() -> 381.49944 | S22: =IF(R22<=1,"NO CUMPLE",IF(R22>=2,"VIGENTE")) -> VIGENTE | T22: 46190 | U22: =T22+365 -> 46555 | V22: =U22-NOW() -> 333.49944 | W22: =IF(V22<=1,"NO CUMPLE",IF(V22>=2,"VIGENTE")) -> VIGENTE | X22: 4 | Y22: 3 | Z22: =COUNTIF(H22:K22,"OK") -> 4 | AA22: =COUNTIF(L22:W22,"VIGENTE") -> 3 | AB22: =Z22/X22 -> 1 | AC22: =AA22/Y22 -> 1 | AD22: =(Z22+AA22)/7 -> 1
C23: =LOOKUP(F23,BD!C:C,BD!A:A) -> DANIELA | D23: =LOOKUP(F23,BD!C:C,BD!B:B) -> ARISTIZABAL FRANCO | E23: 3022736854 | F23: 1035877140 | G23: =LOOKUP(F23,BD!C:C,BD!D:D) -> 5578923 | H23: OK | I23: OK | J23: OK | K23: OK | L23: 46019 | M23: =L23+730 -> 46749 | N23: =M23-NOW() -> 527.49944 | O23: =IF(N23<=1,"NO CUMPLE",IF(N23>=2,"VIGENTE")) -> VIGENTE | P23: 46019 | Q23: =P23+365 -> 46384 | R23: =Q23-NOW() -> 162.49944 | S23: =IF(R23<=1,"NO CUMPLE",IF(R23>=2,"VIGENTE")) -> VIGENTE | T23: 46019 | U23: =T23+365 -> 46384 | V23: =U23-NOW() -> 162.49944 | W23: =IF(V23<=1,"NO CUMPLE",IF(V23>=2,"VIGENTE")) -> VIGENTE | X23: 4 | Y23: 3 | Z23: =COUNTIF(H23:K23,"OK") -> 4 | AA23: =COUNTIF(L23:W23,"VIGENTE") -> 3 | AB23: =Z23/X23 -> 1 | AC23: =AA23/Y23 -> 1 | AD23: =(Z23+AA23)/7 -> 1
C24: =LOOKUP(F24,BD!C:C,BD!A:A) -> DAVID ESTEBAN | D24: =LOOKUP(F24,BD!C:C,BD!B:B) -> GRACIANO DAVID | E24: 3122198227 | F24: 1017130302 | G24: =LOOKUP(F24,BD!C:C,BD!D:D) -> 5025007 | H24: OK | I24: OK | J24: OK | K24: OK | L24: 45771 | M24: =L24+730 -> 46501 | N24: =M24-NOW() -> 279.49944 | O24: =IF(N24<=1,"NO CUMPLE",IF(N24>=2,"VIGENTE")) -> VIGENTE | P24: 46058 | Q24: =P24+365 -> 46423 | R24: =Q24-NOW() -> 201.49944 | S24: =IF(R24<=1,"NO CUMPLE",IF(R24>=2,"VIGENTE")) -> VIGENTE | T24: 46058 | U24: =T24+365 -> 46423 | V24: =U24-NOW() -> 201.49944 | W24: =IF(V24<=1,"NO CUMPLE",IF(V24>=2,"VIGENTE")) -> VIGENTE | X24: 4 | Y24: 3 | Z24: =COUNTIF(H24:K24,"OK") -> 4 | AA24: =COUNTIF(L24:W24,"VIGENTE") -> 3 | AB24: =Z24/X24 -> 1 | AC24: =AA24/Y24 -> 1 | AD24: =(Z24+AA24)/7 -> 1
C25: =LOOKUP(F25,BD!C:C,BD!A:A) -> DAVID MAURICIO | D25: =LOOKUP(F25,BD!C:C,BD!B:B) -> VARGAS ALZATE | E25: 3118326648 | F25: 1017206880 | G25: =LOOKUP(F25,BD!C:C,BD!D:D) -> 5198721 | H25: OK | I25: OK | J25: OK | K25: OK | L25: 46080 | M25: =L25+730 -> 46810 | N25: =M25-NOW() -> 588.49944 | O25: =IF(N25<=1,"NO CUMPLE",IF(N25>=2,"VIGENTE")) -> VIGENTE | P25: 46083 | Q25: =P25+365 -> 46448 | R25: =Q25-NOW() -> 226.49944 | S25: =IF(R25<=1,"NO CUMPLE",IF(R25>=2,"VIGENTE")) -> VIGENTE | T25: 46081 | U25: =T25+365 -> 46446 | V25: =U25-NOW() -> 224.49944 | W25: =IF(V25<=1,"NO CUMPLE",IF(V25>=2,"VIGENTE")) -> VIGENTE | X25: 4 | Y25: 3 | Z25: =COUNTIF(H25:K25,"OK") -> 4 | AA25: =COUNTIF(L25:W25,"VIGENTE") -> 3 | AB25: =Z25/X25 -> 1 | AC25: =AA25/Y25 -> 1 | AD25: =(Z25+AA25)/7 -> 1
C26: =LOOKUP(F26,BD!C:C,BD!A:A) -> DIANA MILENA | D26: =LOOKUP(F26,BD!C:C,BD!B:B) -> ZEA VELASQUEZ | E26: 3023710054 | F26: 43209905 | G26: =LOOKUP(F26,BD!C:C,BD!D:D) -> 5067220 | H26: OK | I26: OK | J26: OK | K26: OK | L26: 46153 | M26: =L26+730 -> 46883 | N26: =M26-NOW() -> 661.49944 | O26: =IF(N26<=1,"NO CUMPLE",IF(N26>=2,"VIGENTE")) -> VIGENTE | P26: 46162 | Q26: =P26+730 -> 46892 | R26: =Q26-NOW() -> 670.49944 | S26: =IF(R26<=1,"NO CUMPLE",IF(R26>=2,"VIGENTE")) -> VIGENTE | T26: 46153 | U26: =T26+730 -> 46883 | V26: =U26-NOW() -> 661.49944 | W26: =IF(V26<=1,"NO CUMPLE",IF(V26>=2,"VIGENTE")) -> VIGENTE | X26: 4 | Y26: 3 | Z26: =COUNTIF(H26:K26,"OK") -> 4 | AA26: =COUNTIF(L26:W26,"VIGENTE") -> 3 | AB26: =Z26/X26 -> 1 | AC26: =AA26/Y26 -> 1 | AD26: =(Z26+AA26)/7 -> 1
C27: =LOOKUP(F27,BD!C:C,BD!A:A) -> DIEGO ALEJANDRO | D27: =LOOKUP(F27,BD!C:C,BD!B:B) -> GUIRALES TANGARIFE | E27: 3013284893 | F27: 1020430557 | G27: =LOOKUP(F27,BD!C:C,BD!D:D) -> 5511823 | H27: OK | I27: OK | J27: OK | K27: OK | L27: 45795 | M27: =L27+730 -> 46525 | N27: =M27-NOW() -> 303.49944 | O27: =IF(N27<=1,"NO CUMPLE",IF(N27>=2,"VIGENTE")) -> VIGENTE | P27: 45795 | Q27: =P27+730 -> 46525 | R27: =Q27-NOW() -> 303.49944 | S27: =IF(R27<=1,"NO CUMPLE",IF(R27>=2,"VIGENTE")) -> VIGENTE | T27: 45795 | U27: =T27+730 -> 46525 | V27: =U27-NOW() -> 303.49944 | W27: =IF(V27<=1,"NO CUMPLE",IF(V27>=2,"VIGENTE")) -> VIGENTE | X27: 4 | Y27: 3 | Z27: =COUNTIF(H27:K27,"OK") -> 4 | AA27: =COUNTIF(L27:W27,"VIGENTE") -> 3 | AB27: =Z27/X27 -> 1 | AC27: =AA27/Y27 -> 1 | AD27: =(Z27+AA27)/7 -> 1
C28: =LOOKUP(F28,BD!C:C,BD!A:A) -> EDWAR MAURICIO | D28: =LOOKUP(F28,BD!C:C,BD!B:B) -> BORJA USUGA | E28: 3184079433 | F28: 1038803821 | G28: =LOOKUP(F28,BD!C:C,BD!D:D) -> 8058 | H28: OK | I28: OK | J28: OK | K28: OK | L28: 45492 | M28: =L28+730 -> 46222 | N28: =M28-NOW() -> 0.49944016 | O28: =IF(N28<=1,"NO CUMPLE",IF(N28>=2,"VIGENTE")) -> NO CUMPLE | P28: 46122 | Q28: =P28+365 -> 46487 | R28: =Q28-NOW() -> 265.49944 | S28: =IF(R28<=1,"NO CUMPLE",IF(R28>=2,"VIGENTE")) -> VIGENTE | T28: 46072 | U28: =T28+365 -> 46437 | V28: =U28-NOW() -> 215.49944 | W28: =IF(V28<=1,"NO CUMPLE",IF(V28>=2,"VIGENTE")) -> VIGENTE | X28: 4 | Y28: 3 | Z28: =COUNTIF(H28:K28,"OK") -> 4 | AA28: =COUNTIF(L28:W28,"VIGENTE") -> 2 | AB28: =Z28/X28 -> 1 | AC28: =AA28/Y28 -> 0.66666667 | AD28: =(Z28+AA28)/7 -> 0.85714286
C29: =LOOKUP(F29,BD!C:C,BD!A:A) -> ELIANA | D29: =LOOKUP(F29,BD!C:C,BD!B:B) -> ZAPATA TORRES | E29: 3015946639 | F29: 1001463828 | G29: =LOOKUP(F29,BD!C:C,BD!D:D) -> 25060005710 | H29: OK | I29: OK | J29: OK | K29: OK | L29: 46022 | M29: =L29+730 -> 46752 | N29: =M29-NOW() -> 530.49944 | O29: =IF(N29<=1,"NO CUMPLE",IF(N29>=2,"VIGENTE")) -> VIGENTE | P29: 45732 | Q29: =P29+730 -> 46462 | R29: =Q29-NOW() -> 240.49944 | S29: =IF(R29<=1,"NO CUMPLE",IF(R29>=2,"VIGENTE")) -> VIGENTE | T29: 45732 | U29: =T29+730 -> 46462 | V29: =U29-NOW() -> 240.49944 | W29: =IF(V29<=1,"NO CUMPLE",IF(V29>=2,"VIGENTE")) -> VIGENTE | X29: 4 | Y29: 3 | Z29: =COUNTIF(H29:K29,"OK") -> 4 | AA29: =COUNTIF(L29:W29,"VIGENTE") -> 3 | AB29: =Z29/X29 -> 1 | AC29: =AA29/Y29 -> 1 | AD29: =(Z29+AA29)/7 -> 1
C30: =LOOKUP(F30,BD!C:C,BD!A:A) -> ELIZABETH | D30: =LOOKUP(F30,BD!C:C,BD!B:B) -> GALEANO GUERRERO | E30: 3107359109 | F30: 1000395063 | G30: =LOOKUP(F30,BD!C:C,BD!D:D) -> 5371218 | H30: OK | I30: OK | J30: OK | K30: OK | L30: 45849 | M30: =L30+730 -> 46579 | N30: =M30-NOW() -> 357.49944 | O30: =IF(N30<=1,"NO CUMPLE",IF(N30>=2,"VIGENTE")) -> VIGENTE | P30: 46017 | Q30: =P30+730 -> 46747 | R30: =Q30-NOW() -> 525.49944 | S30: =IF(R30<=1,"NO CUMPLE",IF(R30>=2,"VIGENTE")) -> VIGENTE | T30: 46043 | U30: =T30+365 -> 46408 | V30: =U30-NOW() -> 186.49944 | W30: =IF(V30<=1,"NO CUMPLE",IF(V30>=2,"VIGENTE")) -> VIGENTE | X30: 4 | Y30: 3 | Z30: =COUNTIF(H30:K30,"OK") -> 4 | AA30: =COUNTIF(L30:W30,"VIGENTE") -> 3 | AB30: =Z30/X30 -> 1 | AC30: =AA30/Y30 -> 1 | AD30: =(Z30+AA30)/7 -> 1
C31: =LOOKUP(F31,BD!C:C,BD!A:A) -> ERIKA YOHANA | D31: =LOOKUP(F31,BD!C:C,BD!B:B) -> MARTINEZ ECHAVARRIA | E31: 3113647180 | F31: 1007387903 | G31: =LOOKUP(F31,BD!C:C,BD!D:D) -> 5185522 | H31: OK | I31: OK | J31: OK | K31: OK | L31: 45467 | M31: =L31+730 -> 46197 | N31: =M31-NOW() -> -24.50056 | O31: =IF(N31<=1,"NO CUMPLE",IF(N31>=2,"VIGENTE")) -> NO CUMPLE | P31: 45811 | Q31: =P31+730 -> 46541 | R31: =Q31-NOW() -> 319.49944 | S31: =IF(R31<=1,"NO CUMPLE",IF(R31>=2,"VIGENTE")) -> VIGENTE | T31: 46135 | U31: =T31+730 -> 46865 | V31: =U31-NOW() -> 643.49944 | W31: =IF(V31<=1,"NO CUMPLE",IF(V31>=2,"VIGENTE")) -> VIGENTE | X31: 4 | Y31: 3 | Z31: =COUNTIF(H31:K31,"OK") -> 4 | AA31: =COUNTIF(L31:W31,"VIGENTE") -> 2 | AB31: =Z31/X31 -> 1 | AC31: =AA31/Y31 -> 0.66666667 | AD31: =(Z31+AA31)/7 -> 0.85714286
C32: =LOOKUP(F32,BD!C:C,BD!A:A) -> FABIANA MERCED | D32: =LOOKUP(F32,BD!C:C,BD!B:B) -> TREJO | E32: 3215949046 | F32: 1007768304 | G32: =LOOKUP(F32,BD!C:C,BD!D:D) -> 5613621 | H32: OK | I32: OK | J32: OK | K32: OK | L32: 45849 | M32: =L32+730 -> 46579 | N32: =M32-NOW() -> 357.49944 | O32: =IF(N32<=1,"NO CUMPLE",IF(N32>=2,"VIGENTE")) -> VIGENTE | P32: 46009 | Q32: =P32+730 -> 46739 | R32: =Q32-NOW() -> 517.49944 | S32: =IF(R32<=1,"NO CUMPLE",IF(R32>=2,"VIGENTE")) -> VIGENTE | T32: 46042 | U32: =T32+365 -> 46407 | V32: =U32-NOW() -> 185.49944 | W32: =IF(V32<=1,"NO CUMPLE",IF(V32>=2,"VIGENTE")) -> VIGENTE | X32: 4 | Y32: 3 | Z32: =COUNTIF(H32:K32,"OK") -> 4 | AA32: =COUNTIF(L32:W32,"VIGENTE") -> 3 | AB32: =Z32/X32 -> 1 | AC32: =AA32/Y32 -> 1 | AD32: =(Z32+AA32)/7 -> 1
C33: =LOOKUP(F33,BD!C:C,BD!A:A) -> GUATAVO LORENZO | D33: =LOOKUP(F33,BD!C:C,BD!B:B) -> CAMARGO SOLANO | E33: 3237569066 | F33: 1124004179 | G33: =LOOKUP(F33,BD!C:C,BD!D:D) -> 590 | H33: OK | I33: OK | J33: OK | K33: OK | L33: 46162 | M33: =L33+730 -> 46892 | N33: =M33-NOW() -> 670.49944 | O33: =IF(N33<=1,"NO CUMPLE",IF(N33>=2,"VIGENTE")) -> VIGENTE | P33: 46162 | Q33: =P33+730 -> 46892 | R33: =Q33-NOW() -> 670.49944 | S33: =IF(R33<=1,"NO CUMPLE",IF(R33>=2,"VIGENTE")) -> VIGENTE | T33: 46162 | U33: =T33+730 -> 46892 | V33: =U33-NOW() -> 670.49944 | W33: =IF(V33<=1,"NO CUMPLE",IF(V33>=2,"VIGENTE")) -> VIGENTE | X33: 4 | Y33: 3 | Z33: =COUNTIF(H33:K33,"OK") -> 4 | AA33: =COUNTIF(L33:W33,"VIGENTE") -> 3 | AB33: =Z33/X33 -> 1 | AC33: =AA33/Y33 -> 1 | AD33: =(Z33+AA33)/7 -> 1
C34: =LOOKUP(F34,BD!C:C,BD!A:A) -> HEIDY VALERIA | D34: =LOOKUP(F34,BD!C:C,BD!B:B) -> GARCES VALENCIA | E34: 3168983212 | F34: 1025881886 | G34: =LOOKUP(F34,BD!C:C,BD!D:D) -> 5439623 | H34: OK | I34: OK | J34: OK | K34: OK | L34: 46005 | M34: =L34+365 -> 46370 | N34: =M34-NOW() -> 148.49944 | O34: =IF(N34<=1,"NO CUMPLE",IF(N34>=2,"VIGENTE")) -> VIGENTE | P34: 46005 | Q34: =P34+365 -> 46370 | R34: =Q34-NOW() -> 148.49944 | S34: =IF(R34<=1,"NO CUMPLE",IF(R34>=2,"VIGENTE")) -> VIGENTE | T34: 46005 | U34: =T34+365 -> 46370 | V34: =U34-NOW() -> 148.49944 | W34: =IF(V34<=1,"NO CUMPLE",IF(V34>=2,"VIGENTE")) -> VIGENTE | X34: 4 | Y34: 3 | Z34: =COUNTIF(H34:K34,"OK") -> 4 | AA34: =COUNTIF(L34:W34,"VIGENTE") -> 3 | AB34: =Z34/X34 -> 1 | AC34: =AA34/Y34 -> 1 | AD34: =(Z34+AA34)/7 -> 1
C35: =LOOKUP(F35,BD!C:C,BD!A:A) -> HELEN VANESSA | D35: =LOOKUP(F35,BD!C:C,BD!B:B) -> VARGAS PEREZ | E35: 3104710721 | F35: 1033655581 | G35: =LOOKUP(F35,BD!C:C,BD!D:D) -> 5250118 | H35: OK | I35: OK | J35: OK | K35: OK | L35: 46190 | M35: =L35+730 -> 46920 | N35: =M35-NOW() -> 698.49944 | O35: =IF(N35<=1,"NO CUMPLE",IF(N35>=2,"VIGENTE")) -> VIGENTE | P35: 46195 | Q35: =P35+730 -> 46925 | R35: =Q35-NOW() -> 703.49944 | S35: =IF(R35<=1,"NO CUMPLE",IF(R35>=2,"VIGENTE")) -> VIGENTE | T35: 46200 | U35: =T35+730 -> 46930 | V35: =U35-NOW() -> 708.49944 | W35: =IF(V35<=1,"NO CUMPLE",IF(V35>=2,"VIGENTE")) -> VIGENTE | X35: 4 | Y35: 3 | Z35: =COUNTIF(H35:K35,"OK") -> 4 | AA35: =COUNTIF(L35:W35,"VIGENTE") -> 3 | AB35: =Z35/X35 -> 1 | AC35: =AA35/Y35 -> 1 | AD35: =(Z35+AA35)/7 -> 1
C36: =LOOKUP(F36,BD!C:C,BD!A:A) -> ISABEL CRISTINA | D36: =LOOKUP(F36,BD!C:C,BD!B:B) -> POSSO BALDOVINO | E36: 3002616386 | F36: 43269224 | G36: =LOOKUP(F36,BD!C:C,BD!D:D) -> 25060180506 | H36: OK | I36: OK | J36: OK | K36: OK | L36: 45874 | M36: =L36+365 -> 46239 | N36: =M36-NOW() -> 17.49944 | O36: =IF(N36<=1,"NO CUMPLE",IF(N36>=2,"VIGENTE")) -> VIGENTE | P36: 45874 | Q36: =P36+365 -> 46239 | R36: =Q36-NOW() -> 17.49944 | S36: =IF(R36<=1,"NO CUMPLE",IF(R36>=2,"VIGENTE")) -> VIGENTE | T36: 45874 | U36: =T36+365 -> 46239 | V36: =U36-NOW() -> 17.49944 | W36: =IF(V36<=1,"NO CUMPLE",IF(V36>=2,"VIGENTE")) -> VIGENTE | X36: 4 | Y36: 3 | Z36: =COUNTIF(H36:K36,"OK") -> 4 | AA36: =COUNTIF(L36:W36,"VIGENTE") -> 3 | AB36: =Z36/X36 -> 1 | AC36: =AA36/Y36 -> 1 | AD36: =(Z36+AA36)/7 -> 1
C37: =LOOKUP(F37,BD!C:C,BD!A:A) -> ISABEL CRISTINA | D37: =LOOKUP(F37,BD!C:C,BD!B:B) -> TABARES CARMONA | E37: 3112325350 | F37: 1015216029 | G37: =LOOKUP(F37,BD!C:C,BD!D:D) -> 5059023 | H37: OK | I37: OK | J37: OK | K37: OK | L37: 46123 | M37: =L37+730 -> 46853 | N37: =M37-NOW() -> 631.49944 | O37: =IF(N37<=1,"NO CUMPLE",IF(N37>=2,"VIGENTE")) -> VIGENTE | P37: 46123 | Q37: =P37+365 -> 46488 | R37: =Q37-NOW() -> 266.49944 | S37: =IF(R37<=1,"NO CUMPLE",IF(R37>=2,"VIGENTE")) -> VIGENTE | T37: 46123 | U37: =T37+365 -> 46488 | V37: =U37-NOW() -> 266.49944 | W37: =IF(V37<=1,"NO CUMPLE",IF(V37>=2,"VIGENTE")) -> VIGENTE | X37: 4 | Y37: 3 | Z37: =COUNTIF(H37:K37,"OK") -> 4 | AA37: =COUNTIF(L37:W37,"VIGENTE") -> 3 | AB37: =Z37/X37 -> 1 | AC37: =AA37/Y37 -> 1 | AD37: =(Z37+AA37)/7 -> 1
C38: =LOOKUP(F38,BD!C:C,BD!A:A) -> JENNIFER VANNESA | D38: =LOOKUP(F38,BD!C:C,BD!B:B) -> MARULANDA ALDANA | E38: 3228912898 | F38: 1017158554 | G38: =LOOKUP(F38,BD!C:C,BD!D:D) -> 24060418981 | H38: OK | I38: OK | J38: OK | K38: OK | L38: 46088 | M38: =L38+730 -> 46818 | N38: =M38-NOW() -> 596.49944 | O38: =IF(N38<=1,"NO CUMPLE",IF(N38>=2,"VIGENTE")) -> VIGENTE | P38: 46122 | Q38: =P38+730 -> 46852 | R38: =Q38-NOW() -> 630.49944 | S38: =IF(R38<=1,"NO CUMPLE",IF(R38>=2,"VIGENTE")) -> VIGENTE | T38: 45636 | U38: =T38+730 -> 46366 | V38: =U38-NOW() -> 144.49944 | W38: =IF(V38<=1,"NO CUMPLE",IF(V38>=2,"VIGENTE")) -> VIGENTE | X38: 4 | Y38: 3 | Z38: =COUNTIF(H38:K38,"OK") -> 4 | AA38: =COUNTIF(L38:W38,"VIGENTE") -> 3 | AB38: =Z38/X38 -> 1 | AC38: =AA38/Y38 -> 1 | AD38: =(Z38+AA38)/7 -> 1
C39: =LOOKUP(F39,BD!C:C,BD!A:A) -> JEYKSON | D39: =LOOKUP(F39,BD!C:C,BD!B:B) -> BETANCUR MARIN | E39: 3214932959 | F39: 98714960 | G39: =LOOKUP(F39,BD!C:C,BD!D:D) -> 25061010963 | H39: OK | I39: OK | J39: OK | K39: OK | L39: 45854 | M39: =L39+730 -> 46584 | N39: =M39-NOW() -> 362.49944 | O39: =IF(N39<=1,"NO CUMPLE",IF(N39>=2,"VIGENTE")) -> VIGENTE | P39: 45854 | Q39: =P39+365 -> 46219 | R39: =Q39-NOW() -> -2.5005598 | S39: =IF(R39<=1,"NO CUMPLE",IF(R39>=2,"VIGENTE")) -> NO CUMPLE | T39: 45933 | U39: =T39+730 -> 46663 | V39: =U39-NOW() -> 441.49944 | W39: =IF(V39<=1,"NO CUMPLE",IF(V39>=2,"VIGENTE")) -> VIGENTE | X39: 4 | Y39: 3 | Z39: =COUNTIF(H39:K39,"OK") -> 4 | AA39: =COUNTIF(L39:W39,"VIGENTE") -> 2 | AB39: =Z39/X39 -> 1 | AC39: =AA39/Y39 -> 0.66666667 | AD39: =(Z39+AA39)/7 -> 0.85714286
C40: =LOOKUP(F40,BD!C:C,BD!A:A) -> JIMENA YULIET | D40: =LOOKUP(F40,BD!C:C,BD!B:B) -> CARTAGENA GARCIA | E40: 3233428385 | F40: 1020453918 | G40: =LOOKUP(F40,BD!C:C,BD!D:D) -> 24060078485 | H40: OK | I40: OK | J40: OK | K40: OK | L40: 45459 | M40: =L40+730 -> 46189 | N40: =M40-NOW() -> -32.50056 | O40: =IF(N40<=1,"NO CUMPLE",IF(N40>=2,"VIGENTE")) -> NO CUMPLE | P40: 45467 | Q40: =P40+730 -> 46197 | R40: =Q40-NOW() -> -24.50056 | S40: =IF(R40<=1,"NO CUMPLE",IF(R40>=2,"VIGENTE")) -> NO CUMPLE | T40: 45463 | U40: =T40+730 -> 46193 | V40: =U40-NOW() -> -28.50056 | W40: =IF(V40<=1,"NO CUMPLE",IF(V40>=2,"VIGENTE")) -> NO CUMPLE | X40: 4 | Y40: 3 | Z40: =COUNTIF(H40:K40,"OK") -> 4 | AA40: =COUNTIF(L40:W40,"VIGENTE") -> 0 | AB40: =Z40/X40 -> 1 | AC40: =AA40/Y40 -> 0 | AD40: =(Z40+AA40)/7 -> 0.57142857
C41: =LOOKUP(F41,BD!C:C,BD!A:A) -> JOHAN SEBASTIAN | D41: =LOOKUP(F41,BD!C:C,BD!B:B) -> LOBO JARAMILLO | E41: 3001268663 | F41: 1193401088 | G41: =LOOKUP(F41,BD!C:C,BD!D:D) -> 3657 | H41: OK | I41: OK | J41: OK | K41: OK | L41: 45996 | M41: =L41+365 -> 46361 | N41: =M41-NOW() -> 139.49944 | O41: =IF(N41<=1,"NO CUMPLE",IF(N41>=2,"VIGENTE")) -> VIGENTE | P41: 45996 | Q41: =P41+365 -> 46361 | R41: =Q41-NOW() -> 139.49944 | S41: =IF(R41<=1,"NO CUMPLE",IF(R41>=2,"VIGENTE")) -> VIGENTE | T41: 45996 | U41: =T41+365 -> 46361 | V41: =U41-NOW() -> 139.49944 | W41: =IF(V41<=1,"NO CUMPLE",IF(V41>=2,"VIGENTE")) -> VIGENTE | X41: 4 | Y41: 3 | Z41: =COUNTIF(H41:K41,"OK") -> 4 | AA41: =COUNTIF(L41:W41,"VIGENTE") -> 3 | AB41: =Z41/X41 -> 1 | AC41: =AA41/Y41 -> 1 | AD41: =(Z41+AA41)/7 -> 1
C42: =LOOKUP(F42,BD!C:C,BD!A:A) -> JOHN ALEJANDRO | D42: =LOOKUP(F42,BD!C:C,BD!B:B) -> GOMEZ GIRALDO | E42: 3126393097 | F42: 1001723999 | G42: =LOOKUP(F42,BD!C:C,BD!D:D) -> 5652022 | H42: OK | I42: OK | J42: OK | K42: OK | L42: 45889 | M42: =L42+730 -> 46619 | N42: =M42-NOW() -> 397.49944 | O42: =IF(N42<=1,"NO CUMPLE",IF(N42>=2,"VIGENTE")) -> VIGENTE | P42: 45889 | Q42: =P42+730 -> 46619 | R42: =Q42-NOW() -> 397.49944 | S42: =IF(R42<=1,"NO CUMPLE",IF(R42>=2,"VIGENTE")) -> VIGENTE | T42: 45889 | U42: =T42+730 -> 46619 | V42: =U42-NOW() -> 397.49944 | W42: =IF(V42<=1,"NO CUMPLE",IF(V42>=2,"VIGENTE")) -> VIGENTE | X42: 4 | Y42: 3 | Z42: =COUNTIF(H42:K42,"OK") -> 4 | AA42: =COUNTIF(L42:W42,"VIGENTE") -> 3 | AB42: =Z42/X42 -> 1 | AC42: =AA42/Y42 -> 1 | AD42: =(Z42+AA42)/7 -> 1
C43: =LOOKUP(F43,BD!C:C,BD!A:A) -> JOHN EDISON | D43: =LOOKUP(F43,BD!C:C,BD!B:B) -> ESPINAL CORREA | E43: 3208600912 | F43: 98712282 | G43: =LOOKUP(F43,BD!C:C,BD!D:D) -> 5221320 | H43: OK | I43: OK | J43: OK | K43: OK | L43: 45553 | M43: =L43+730 -> 46283 | N43: =M43-NOW() -> 61.49944 | O43: =IF(N43<=1,"NO CUMPLE",IF(N43>=2,"VIGENTE")) -> VIGENTE | P43: 45866 | Q43: =P43+730 -> 46596 | R43: =Q43-NOW() -> 374.49944 | S43: =IF(R43<=1,"NO CUMPLE",IF(R43>=2,"VIGENTE")) -> VIGENTE | T43: 45816 | U43: =T43+730 -> 46546 | V43: =U43-NOW() -> 324.49944 | W43: =IF(V43<=1,"NO CUMPLE",IF(V43>=2,"VIGENTE")) -> VIGENTE | X43: 4 | Y43: 3 | Z43: =COUNTIF(H43:K43,"OK") -> 4 | AA43: =COUNTIF(L43:W43,"VIGENTE") -> 3 | AB43: =Z43/X43 -> 1 | AC43: =AA43/Y43 -> 1 | AD43: =(Z43+AA43)/7 -> 1
C44: =LOOKUP(F44,BD!C:C,BD!A:A) -> JOHNNATHAN | D44: =LOOKUP(F44,BD!C:C,BD!B:B) -> GIRALDO PULGARIN | E44: 3205489739 | F44: 1036338137 | G44: =LOOKUP(F44,BD!C:C,BD!D:D) -> 5238820 | H44: OK | I44: OK | J44: OK | K44: OK | L44: 46163 | M44: =L44+730 -> 46893 | N44: =M44-NOW() -> 671.49944 | O44: =IF(N44<=1,"NO CUMPLE",IF(N44>=2,"VIGENTE")) -> VIGENTE | P44: 46162 | Q44: =P44+365 -> 46527 | R44: =Q44-NOW() -> 305.49944 | S44: =IF(R44<=1,"NO CUMPLE",IF(R44>=2,"VIGENTE")) -> VIGENTE | T44: 46161 | U44: =T44+365 -> 46526 | V44: =U44-NOW() -> 304.49944 | W44: =IF(V44<=1,"NO CUMPLE",IF(V44>=2,"VIGENTE")) -> VIGENTE | X44: 4 | Y44: 3 | Z44: =COUNTIF(H44:K44,"OK") -> 4 | AA44: =COUNTIF(L44:W44,"VIGENTE") -> 3 | AB44: =Z44/X44 -> 1 | AC44: =AA44/Y44 -> 1 | AD44: =(Z44+AA44)/7 -> 1
C45: =LOOKUP(F45,BD!C:C,BD!A:A) -> JOSE MIGUEL | D45: =LOOKUP(F45,BD!C:C,BD!B:B) -> FERNANDEZ LANDAETA | E45: 3014408411 | F45: 4675021 | G45: =LOOKUP(F45,BD!C:C,BD!D:D) -> 25060177953 | H45: OK | I45: OK | J45: OK | K45: OK | L45: 45985 | M45: =L45+730 -> 46715 | N45: =M45-NOW() -> 493.49944 | O45: =IF(N45<=1,"NO CUMPLE",IF(N45>=2,"VIGENTE")) -> VIGENTE | P45: 46174 | Q45: =P45+730 -> 46904 | R45: =Q45-NOW() -> 682.49944 | S45: =IF(R45<=1,"NO CUMPLE",IF(R45>=2,"VIGENTE")) -> VIGENTE | T45: 45890 | U45: =T45+730 -> 46620 | V45: =U45-NOW() -> 398.49944 | W45: =IF(V45<=1,"NO CUMPLE",IF(V45>=2,"VIGENTE")) -> VIGENTE | X45: 4 | Y45: 3 | Z45: =COUNTIF(H45:K45,"OK") -> 4 | AA45: =COUNTIF(L45:W45,"VIGENTE") -> 3 | AB45: =Z45/X45 -> 1 | AC45: =AA45/Y45 -> 1 | AD45: =(Z45+AA45)/7 -> 1
C46: =LOOKUP(F46,BD!C:C,BD!A:A) -> JUAN ALEJANDRO | D46: =LOOKUP(F46,BD!C:C,BD!B:B) -> POSSO BALDOVINO | E46: 3103516605 | F46: 1039468823 | G46: =LOOKUP(F46,BD!C:C,BD!D:D) -> 24060093163 | H46: OK | I46: OK | J46: OK | K46: OK | L46: 46138 | M46: =L46+730 -> 46868 | N46: =M46-NOW() -> 646.49944 | O46: =IF(N46<=1,"NO CUMPLE",IF(N46>=2,"VIGENTE")) -> VIGENTE | P46: 45475 | Q46: =P46+730 -> 46205 | R46: =Q46-NOW() -> -16.50056 | S46: =IF(R46<=1,"NO CUMPLE",IF(R46>=2,"VIGENTE")) -> NO CUMPLE | T46: 45874 | U46: =T46+365 -> 46239 | V46: =U46-NOW() -> 17.49944 | W46: =IF(V46<=1,"NO CUMPLE",IF(V46>=2,"VIGENTE")) -> VIGENTE | X46: 4 | Y46: 3 | Z46: =COUNTIF(H46:K46,"OK") -> 4 | AA46: =COUNTIF(L46:W46,"VIGENTE") -> 2 | AB46: =Z46/X46 -> 1 | AC46: =AA46/Y46 -> 0.66666667 | AD46: =(Z46+AA46)/7 -> 0.85714286
C47: =LOOKUP(F47,BD!C:C,BD!A:A) -> JUAN ESTEBAN | D47: =LOOKUP(F47,BD!C:C,BD!B:B) -> RESTREPO GUZMAN | E47: 3145141214 | F47: 1017923438 | G47: =LOOKUP(F47,BD!C:C,BD!D:D) -> 25060167792 | H47: OK | I47: OK | J47: OK | K47: OK | L47: 45597 | M47: =L47+730 -> 46327 | N47: =M47-NOW() -> 105.49944 | O47: =IF(N47<=1,"NO CUMPLE",IF(N47>=2,"VIGENTE")) -> VIGENTE | P47: 45753 | Q47: =P47+730 -> 46483 | R47: =Q47-NOW() -> 261.49944 | S47: =IF(R47<=1,"NO CUMPLE",IF(R47>=2,"VIGENTE")) -> VIGENTE | T47: 45753 | U47: =T47+730 -> 46483 | V47: =U47-NOW() -> 261.49944 | W47: =IF(V47<=1,"NO CUMPLE",IF(V47>=2,"VIGENTE")) -> VIGENTE | X47: 4 | Y47: 3 | Z47: =COUNTIF(H47:K47,"OK") -> 4 | AA47: =COUNTIF(L47:W47,"VIGENTE") -> 3 | AB47: =Z47/X47 -> 1 | AC47: =AA47/Y47 -> 1 | AD47: =(Z47+AA47)/7 -> 1
C48: =LOOKUP(F48,BD!C:C,BD!A:A) -> JUAN FELIPE | D48: =LOOKUP(F48,BD!C:C,BD!B:B) -> SEPULVEDA MEJIA | E48: 3012933993 | F48: 1000757751 | G48: =LOOKUP(F48,BD!C:C,BD!D:D) -> 5262423 | H48: OK | I48: OK | J48: OK | K48: OK | L48: 46131 | M48: =L48+730 -> 46861 | N48: =M48-NOW() -> 639.49944 | O48: =IF(N48<=1,"NO CUMPLE",IF(N48>=2,"VIGENTE")) -> VIGENTE | P48: 46135 | Q48: =P48+730 -> 46865 | R48: =Q48-NOW() -> 643.49944 | S48: =IF(R48<=1,"NO CUMPLE",IF(R48>=2,"VIGENTE")) -> VIGENTE | T48: 46140 | U48: =T48+730 -> 46870 | V48: =U48-NOW() -> 648.49944 | W48: =IF(V48<=1,"NO CUMPLE",IF(V48>=2,"VIGENTE")) -> VIGENTE | X48: 4 | Y48: 3 | Z48: =COUNTIF(H48:K48,"OK") -> 4 | AA48: =COUNTIF(L48:W48,"VIGENTE") -> 3 | AB48: =Z48/X48 -> 1 | AC48: =AA48/Y48 -> 1 | AD48: =(Z48+AA48)/7 -> 1
C49: =LOOKUP(F49,BD!C:C,BD!A:A) -> JUAN JOSE | D49: =LOOKUP(F49,BD!C:C,BD!B:B) -> DUARTE PEREZ | E49: 3242119514 | F49: 1000100963 | G49: =LOOKUP(F49,BD!C:C,BD!D:D) -> 25060949136 | H49: OK | I49: OK | J49: OK | K49: OK | L49: 45869 | M49: =L49+730 -> 46599 | N49: =M49-NOW() -> 377.49944 | O49: =IF(N49<=1,"NO CUMPLE",IF(N49>=2,"VIGENTE")) -> VIGENTE | P49: 45965 | Q49: =P49+730 -> 46695 | R49: =Q49-NOW() -> 473.49944 | S49: =IF(R49<=1,"NO CUMPLE",IF(R49>=2,"VIGENTE")) -> VIGENTE | T49: 45964 | U49: =T49+730 -> 46694 | V49: =U49-NOW() -> 472.49944 | W49: =IF(V49<=1,"NO CUMPLE",IF(V49>=2,"VIGENTE")) -> VIGENTE | X49: 4 | Y49: 3 | Z49: =COUNTIF(H49:K49,"OK") -> 4 | AA49: =COUNTIF(L49:W49,"VIGENTE") -> 3 | AB49: =Z49/X49 -> 1 | AC49: =AA49/Y49 -> 1 | AD49: =(Z49+AA49)/7 -> 1
C50: =LOOKUP(F50,BD!C:C,BD!A:A) -> JUAN JOSÉ | D50: =LOOKUP(F50,BD!C:C,BD!B:B) -> NARANJO CALDERÓN | E50: 3226711293 | F50: 1000902161 | G50: =LOOKUP(F50,BD!C:C,BD!D:D) -> 26060002085 | H50: OK | I50: OK | J50: OK | K50: OK | L50: 46009 | M50: =L50+730 -> 46739 | N50: =M50-NOW() -> 517.49944 | O50: =IF(N50<=1,"NO CUMPLE",IF(N50>=2,"VIGENTE")) -> VIGENTE | P50: 46009 | Q50: =P50+365 -> 46374 | R50: =Q50-NOW() -> 152.49944 | S50: =IF(R50<=1,"NO CUMPLE",IF(R50>=2,"VIGENTE")) -> VIGENTE | T50: 46009 | U50: =T50+365 -> 46374 | V50: =U50-NOW() -> 152.49944 | W50: =IF(V50<=1,"NO CUMPLE",IF(V50>=2,"VIGENTE")) -> VIGENTE | X50: 4 | Y50: 3 | Z50: =COUNTIF(H50:K50,"OK") -> 4 | AA50: =COUNTIF(L50:W50,"VIGENTE") -> 3 | AB50: =Z50/X50 -> 1 | AC50: =AA50/Y50 -> 1 | AD50: =(Z50+AA50)/7 -> 1
C51: =LOOKUP(F51,BD!C:C,BD!A:A) -> JUAN PABLO | D51: =LOOKUP(F51,BD!C:C,BD!B:B) -> AREIZA BUSTAMANTE | E51: 3124945692 | F51: 1000548592 | G51: =LOOKUP(F51,BD!C:C,BD!D:D) -> 25060179510 | H51: OK | I51: OK | J51: OK | K51: OK | L51: 45947 | M51: =L51+730 -> 46677 | N51: =M51-NOW() -> 455.49944 | O51: =IF(N51<=1,"NO CUMPLE",IF(N51>=2,"VIGENTE")) -> VIGENTE | P51: 45618 | Q51: =P51+730 -> 46348 | R51: =Q51-NOW() -> 126.49944 | S51: =IF(R51<=1,"NO CUMPLE",IF(R51>=2,"VIGENTE")) -> VIGENTE | T51: 45874 | U51: =T51+730 -> 46604 | V51: =U51-NOW() -> 382.49944 | W51: =IF(V51<=1,"NO CUMPLE",IF(V51>=2,"VIGENTE")) -> VIGENTE | X51: 4 | Y51: 3 | Z51: =COUNTIF(H51:K51,"OK") -> 4 | AA51: =COUNTIF(L51:W51,"VIGENTE") -> 3 | AB51: =Z51/X51 -> 1 | AC51: =AA51/Y51 -> 1 | AD51: =(Z51+AA51)/7 -> 1
C52: =LOOKUP(F52,BD!C:C,BD!A:A) -> JUAN PABLO | D52: =LOOKUP(F52,BD!C:C,BD!B:B) -> OCAMPO MEJÍA | E52: 3187955349 | F52: 1001366552 | G52: =LOOKUP(F52,BD!C:C,BD!D:D) -> 25060006115 | H52: OK | I52: OK | J52: OK | K52: OK | L52: 45657 | M52: =L52+730 -> 46387 | N52: =M52-NOW() -> 165.49944 | O52: =IF(N52<=1,"NO CUMPLE",IF(N52>=2,"VIGENTE")) -> VIGENTE | P52: 45671 | Q52: =P52+730 -> 46401 | R52: =Q52-NOW() -> 179.49944 | S52: =IF(R52<=1,"NO CUMPLE",IF(R52>=2,"VIGENTE")) -> VIGENTE | T52: 45673 | U52: =T52+730 -> 46403 | V52: =U52-NOW() -> 181.49944 | W52: =IF(V52<=1,"NO CUMPLE",IF(V52>=2,"VIGENTE")) -> VIGENTE | X52: 4 | Y52: 3 | Z52: =COUNTIF(H52:K52,"OK") -> 4 | AA52: =COUNTIF(L52:W52,"VIGENTE") -> 3 | AB52: =Z52/X52 -> 1 | AC52: =AA52/Y52 -> 1 | AD52: =(Z52+AA52)/7 -> 1
C53: =LOOKUP(F53,BD!C:C,BD!A:A) -> JUAN PABLO | D53: =LOOKUP(F53,BD!C:C,BD!B:B) -> CEBALLOS CARDENAS | E53: 3053901875 | F53: 1007338290 | G53: =LOOKUP(F53,BD!C:C,BD!D:D) -> 5781023 | H53: OK | I53: OK | J53: OK | K53: OK | L53: 45978 | M53: =L53+365 -> 46343 | N53: =M53-NOW() -> 121.49944 | O53: =IF(N53<=1,"NO CUMPLE",IF(N53>=2,"VIGENTE")) -> VIGENTE | P53: 45978 | Q53: =P53+365 -> 46343 | R53: =Q53-NOW() -> 121.49944 | S53: =IF(R53<=1,"NO CUMPLE",IF(R53>=2,"VIGENTE")) -> VIGENTE | T53: 45978 | U53: =T53+365 -> 46343 | V53: =U53-NOW() -> 121.49944 | W53: =IF(V53<=1,"NO CUMPLE",IF(V53>=2,"VIGENTE")) -> VIGENTE | X53: 4 | Y53: 3 | Z53: =COUNTIF(H53:K53,"OK") -> 4 | AA53: =COUNTIF(L53:W53,"VIGENTE") -> 3 | AB53: =Z53/X53 -> 1 | AC53: =AA53/Y53 -> 1 | AD53: =(Z53+AA53)/7 -> 1
C54: =LOOKUP(F54,BD!C:C,BD!A:A) -> JUAN SEBASTIAN | D54: =LOOKUP(F54,BD!C:C,BD!B:B) -> MOSQUERA CORDOBA | E54: 3126295988 | F54: 1216724894 | G54: =LOOKUP(F54,BD!C:C,BD!D:D) -> 1216724894 | H54: OK | I54: OK | J54: OK | K54: OK | L54: 45471 | M54: =L54+730 -> 46201 | N54: =M54-NOW() -> -20.50056 | O54: =IF(N54<=1,"NO CUMPLE",IF(N54>=2,"VIGENTE")) -> NO CUMPLE | P54: 45877 | Q54: =P54+365 -> 46242 | R54: =Q54-NOW() -> 20.49944 | S54: =IF(R54<=1,"NO CUMPLE",IF(R54>=2,"VIGENTE")) -> VIGENTE | T54: 45877 | U54: =T54+365 -> 46242 | V54: =U54-NOW() -> 20.49944 | W54: =IF(V54<=1,"NO CUMPLE",IF(V54>=2,"VIGENTE")) -> VIGENTE | X54: 4 | Y54: 3 | Z54: =COUNTIF(H54:K54,"OK") -> 4 | AA54: =COUNTIF(L54:W54,"VIGENTE") -> 2 | AB54: =Z54/X54 -> 1 | AC54: =AA54/Y54 -> 0.66666667 | AD54: =(Z54+AA54)/7 -> 0.85714286
C55: =LOOKUP(F55,BD!C:C,BD!A:A) -> JULIAN STEVEN | D55: =LOOKUP(F55,BD!C:C,BD!B:B) -> ECHAVARRIA LOPERA | E55: 3162557400 | F55: 1033178048 | G55: =LOOKUP(F55,BD!C:C,BD!D:D) -> 24060021956 | H55: OK | I55: OK | J55: OK | K55: OK | L55: 45674 | M55: =L55+730 -> 46404 | N55: =M55-NOW() -> 182.49944 | O55: =IF(N55<=1,"NO CUMPLE",IF(N55>=2,"VIGENTE")) -> VIGENTE | P55: 45674 | Q55: =P55+730 -> 46404 | R55: =Q55-NOW() -> 182.49944 | S55: =IF(R55<=1,"NO CUMPLE",IF(R55>=2,"VIGENTE")) -> VIGENTE | T55: 46043 | U55: =T55+730 -> 46773 | V55: =U55-NOW() -> 551.49944 | W55: =IF(V55<=1,"NO CUMPLE",IF(V55>=2,"VIGENTE")) -> VIGENTE | X55: 4 | Y55: 3 | Z55: =COUNTIF(H55:K55,"OK") -> 4 | AA55: =COUNTIF(L55:W55,"VIGENTE") -> 3 | AB55: =Z55/X55 -> 1 | AC55: =AA55/Y55 -> 1 | AD55: =(Z55+AA55)/7 -> 1
C56: =LOOKUP(F56,BD!C:C,BD!A:A) -> JULIANA | D56: =LOOKUP(F56,BD!C:C,BD!B:B) -> GOMEZ ZULUAGA | E56: 3014759064 | F56: 1001235388 | G56: =LOOKUP(F56,BD!C:C,BD!D:D) -> 24060246185 | H56: OK | I56: OK | J56: OK | K56: OK | L56: 45952 | M56: =L56+365 -> 46317 | N56: =M56-NOW() -> 95.49944 | O56: =IF(N56<=1,"NO CUMPLE",IF(N56>=2,"VIGENTE")) -> VIGENTE | P56: 46196 | Q56: =P56+730 -> 46926 | R56: =Q56-NOW() -> 704.49944 | S56: =IF(R56<=1,"NO CUMPLE",IF(R56>=2,"VIGENTE")) -> VIGENTE | T56: 46199 | U56: =T56+730 -> 46929 | V56: =U56-NOW() -> 707.49944 | W56: =IF(V56<=1,"NO CUMPLE",IF(V56>=2,"VIGENTE")) -> VIGENTE | X56: 4 | Y56: 3 | Z56: =COUNTIF(H56:K56,"OK") -> 4 | AA56: =COUNTIF(L56:W56,"VIGENTE") -> 3 | AB56: =Z56/X56 -> 1 | AC56: =AA56/Y56 -> 1 | AD56: =(Z56+AA56)/7 -> 1
C57: =LOOKUP(F57,BD!C:C,BD!A:A) -> JULIANA | D57: =LOOKUP(F57,BD!C:C,BD!B:B) -> CEBALLO VALDERRAMA | E57: 3054356208 | F57: 1033488536 | G57: =LOOKUP(F57,BD!C:C,BD!D:D) -> 25060444558 | H57: OK | I57: OK | J57: OK | K57: OK | L57: 45892 | M57: =L57+730 -> 46622 | N57: =M57-NOW() -> 400.49944 | O57: =IF(N57<=1,"NO CUMPLE",IF(N57>=2,"VIGENTE")) -> VIGENTE | P57: 45618 | Q57: =P57+730 -> 46348 | R57: =Q57-NOW() -> 126.49944 | S57: =IF(R57<=1,"NO CUMPLE",IF(R57>=2,"VIGENTE")) -> VIGENTE | T57: 45835 | U57: =T57+730 -> 46565 | V57: =U57-NOW() -> 343.49944 | W57: =IF(V57<=1,"NO CUMPLE",IF(V57>=2,"VIGENTE")) -> VIGENTE | X57: 4 | Y57: 3 | Z57: =COUNTIF(H57:K57,"OK") -> 4 | AA57: =COUNTIF(L57:W57,"VIGENTE") -> 3 | AB57: =Z57/X57 -> 1 | AC57: =AA57/Y57 -> 1 | AD57: =(Z57+AA57)/7 -> 1
C58: =LOOKUP(F58,BD!C:C,BD!A:A) -> JULIANA | D58: =LOOKUP(F58,BD!C:C,BD!B:B) -> MAYA PEREZ | E58: 3002202825 | F58: 1128434314 | G58: =LOOKUP(F58,BD!C:C,BD!D:D) -> 5428109 | H58: OK | I58: OK | J58: OK | K58: OK | L58: 45853 | M58: =L58+730 -> 46583 | N58: =M58-NOW() -> 361.49944 | O58: =IF(N58<=1,"NO CUMPLE",IF(N58>=2,"VIGENTE")) -> VIGENTE | P58: 45958 | Q58: =P58+730 -> 46688 | R58: =Q58-NOW() -> 466.49944 | S58: =IF(R58<=1,"NO CUMPLE",IF(R58>=2,"VIGENTE")) -> VIGENTE | T58: 46174 | U58: =T58+365 -> 46539 | V58: =U58-NOW() -> 317.49944 | W58: =IF(V58<=1,"NO CUMPLE",IF(V58>=2,"VIGENTE")) -> VIGENTE | X58: 4 | Y58: 3 | Z58: =COUNTIF(H58:K58,"OK") -> 4 | AA58: =COUNTIF(L58:W58,"VIGENTE") -> 3 | AB58: =Z58/X58 -> 1 | AC58: =AA58/Y58 -> 1 | AD58: =(Z58+AA58)/7 -> 1
C59: =LOOKUP(F59,BD!C:C,BD!A:A) -> JULIANA | D59: =LOOKUP(F59,BD!C:C,BD!B:B) -> ACEVEDO MUÑOZ | E59: 3507516557 | F59: 1017239415 | G59: =LOOKUP(F59,BD!C:C,BD!D:D) -> 5449619 | H59: OK | I59: OK | J59: OK | K59: OK | L59: 46027 | M59: =L59+365 -> 46392 | N59: =M59-NOW() -> 170.49944 | O59: =IF(N59<=1,"NO CUMPLE",IF(N59>=2,"VIGENTE")) -> VIGENTE | P59: 46217 | Q59: =P59+365 -> 46582 | R59: =Q59-NOW() -> 360.49944 | S59: =IF(R59<=1,"NO CUMPLE",IF(R59>=2,"VIGENTE")) -> VIGENTE | T59: 46027 | U59: =T59+365 -> 46392 | V59: =U59-NOW() -> 170.49944 | W59: =IF(V59<=1,"NO CUMPLE",IF(V59>=2,"VIGENTE")) -> VIGENTE | X59: 4 | Y59: 3 | Z59: =COUNTIF(H59:K59,"OK") -> 4 | AA59: =COUNTIF(L59:W59,"VIGENTE") -> 3 | AB59: =Z59/X59 -> 1 | AC59: =AA59/Y59 -> 1 | AD59: =(Z59+AA59)/7 -> 1
C60: =LOOKUP(F60,BD!C:C,BD!A:A) -> KAREN JULIANA | D60: =LOOKUP(F60,BD!C:C,BD!B:B) -> PRESIGA LOPEZ | E60: 3135061662 | F60: 1017207179 | G60: =LOOKUP(F60,BD!C:C,BD!D:D) -> 5522423 | H60: OK | I60: OK | J60: OK | K60: OK | L60: 46135 | M60: =L60+730 -> 46865 | N60: =M60-NOW() -> 643.49944 | O60: =IF(N60<=1,"NO CUMPLE",IF(N60>=2,"VIGENTE")) -> VIGENTE | P60: 46135 | Q60: =P60+730 -> 46865 | R60: =Q60-NOW() -> 643.49944 | S60: =IF(R60<=1,"NO CUMPLE",IF(R60>=2,"VIGENTE")) -> VIGENTE | T60: 46135 | U60: =T60+730 -> 46865 | V60: =U60-NOW() -> 643.49944 | W60: =IF(V60<=1,"NO CUMPLE",IF(V60>=2,"VIGENTE")) -> VIGENTE | X60: 4 | Y60: 3 | Z60: =COUNTIF(H60:K60,"OK") -> 4 | AA60: =COUNTIF(L60:W60,"VIGENTE") -> 3 | AB60: =Z60/X60 -> 1 | AC60: =AA60/Y60 -> 1 | AD60: =(Z60+AA60)/7 -> 1
C61: =LOOKUP(F61,BD!C:C,BD!A:A) -> KAREN JULIETH | D61: =LOOKUP(F61,BD!C:C,BD!B:B) -> ZABALA GUZMAN | E61: 3134484081 | F61: 1006148577 | G61: =LOOKUP(F61,BD!C:C,BD!D:D) -> 25061414861 | H61: OK | I61: OK | J61: OK | K61: OK | L61: 45937 | M61: =L61+730 -> 46667 | N61: =M61-NOW() -> 445.49944 | O61: =IF(N61<=1,"NO CUMPLE",IF(N61>=2,"VIGENTE")) -> VIGENTE | P61: 45925 | Q61: =P61+730 -> 46655 | R61: =Q61-NOW() -> 433.49944 | S61: =IF(R61<=1,"NO CUMPLE",IF(R61>=2,"VIGENTE")) -> VIGENTE | T61: 45925 | U61: =T61+730 -> 46655 | V61: =U61-NOW() -> 433.49944 | W61: =IF(V61<=1,"NO CUMPLE",IF(V61>=2,"VIGENTE")) -> VIGENTE | X61: 4 | Y61: 3 | Z61: =COUNTIF(H61:K61,"OK") -> 4 | AA61: =COUNTIF(L61:W61,"VIGENTE") -> 3 | AB61: =Z61/X61 -> 1 | AC61: =AA61/Y61 -> 1 | AD61: =(Z61+AA61)/7 -> 1
C62: =LOOKUP(F62,BD!C:C,BD!A:A) -> KATERIN YIRLEY | D62: =LOOKUP(F62,BD!C:C,BD!B:B) -> TABORDA CAÑAS | E62: 3002152917 | F62: 1020448237 | G62: =LOOKUP(F62,BD!C:C,BD!D:D) -> 1020448237 | H62: OK | I62: OK | J62: OK | K62: OK | L62: 45935 | M62: =L62+730 -> 46665 | N62: =M62-NOW() -> 443.49944 | O62: =IF(N62<=1,"NO CUMPLE",IF(N62>=2,"VIGENTE")) -> VIGENTE | P62: 45968 | Q62: =P62+730 -> 46698 | R62: =Q62-NOW() -> 476.49944 | S62: =IF(R62<=1,"NO CUMPLE",IF(R62>=2,"VIGENTE")) -> VIGENTE | T62: 45939 | U62: =T62+730 -> 46669 | V62: =U62-NOW() -> 447.49944 | W62: =IF(V62<=1,"NO CUMPLE",IF(V62>=2,"VIGENTE")) -> VIGENTE | X62: 4 | Y62: 3 | Z62: =COUNTIF(H62:K62,"OK") -> 4 | AA62: =COUNTIF(L62:W62,"VIGENTE") -> 3 | AB62: =Z62/X62 -> 1 | AC62: =AA62/Y62 -> 1 | AD62: =(Z62+AA62)/7 -> 1
C63: =LOOKUP(F63,BD!C:C,BD!A:A) -> LAURA ANDREA | D63: =LOOKUP(F63,BD!C:C,BD!B:B) -> LLANO CANO | E63: 3058883729 | F63: 1000190302 | G63: =LOOKUP(F63,BD!C:C,BD!D:D) -> 5649121 | H63: OK | I63: OK | J63: OK | K63: OK | L63: 45982 | M63: =L63+730 -> 46712 | N63: =M63-NOW() -> 490.49944 | O63: =IF(N63<=1,"NO CUMPLE",IF(N63>=2,"VIGENTE")) -> VIGENTE | P63: 45455 | Q63: =P63+730 -> 46185 | R63: =Q63-NOW() -> -36.50056 | S63: =IF(R63<=1,"NO CUMPLE",IF(R63>=2,"VIGENTE")) -> NO CUMPLE | T63: 45483 | U63: =T63+730 -> 46213 | V63: =U63-NOW() -> -8.5005598 | W63: =IF(V63<=1,"NO CUMPLE",IF(V63>=2,"VIGENTE")) -> NO CUMPLE | X63: 4 | Y63: 3 | Z63: =COUNTIF(H63:K63,"OK") -> 4 | AA63: =COUNTIF(L63:W63,"VIGENTE") -> 1 | AB63: =Z63/X63 -> 1 | AC63: =AA63/Y63 -> 0.33333333 | AD63: =(Z63+AA63)/7 -> 0.71428571
C64: =LOOKUP(F64,BD!C:C,BD!A:A) -> LAURA CAMILA | D64: =LOOKUP(F64,BD!C:C,BD!B:B) -> CABRERA LEZCANO | E64: 3207230991 | F64: 1000772163 | G64: =LOOKUP(F64,BD!C:C,BD!D:D) -> 24060080438 | H64: OK | I64: OK | J64: OK | K64: OK | L64: 46129 | M64: =L64+730 -> 46859 | N64: =M64-NOW() -> 637.49944 | O64: =IF(N64<=1,"NO CUMPLE",IF(N64>=2,"VIGENTE")) -> VIGENTE | P64: 46129 | Q64: =P64+730 -> 46859 | R64: =Q64-NOW() -> 637.49944 | S64: =IF(R64<=1,"NO CUMPLE",IF(R64>=2,"VIGENTE")) -> VIGENTE | T64: 46129 | U64: =T64+730 -> 46859 | V64: =U64-NOW() -> 637.49944 | W64: =IF(V64<=1,"NO CUMPLE",IF(V64>=2,"VIGENTE")) -> VIGENTE | X64: 4 | Y64: 3 | Z64: =COUNTIF(H64:K64,"OK") -> 4 | AA64: =COUNTIF(L64:W64,"VIGENTE") -> 3 | AB64: =Z64/X64 -> 1 | AC64: =AA64/Y64 -> 1 | AD64: =(Z64+AA64)/7 -> 1
C65: =LOOKUP(F65,BD!C:C,BD!A:A) -> LAURA TATIANA | D65: =LOOKUP(F65,BD!C:C,BD!B:B) -> TABARES RAMIREZ | E65: 3003623297 | F65: 1001229476 | G65: =LOOKUP(F65,BD!C:C,BD!D:D) -> 24060431136 | H65: OK | I65: OK | J65: OK | K65: OK | L65: 46045 | M65: =L65+730 -> 46775 | N65: =M65-NOW() -> 553.49944 | O65: =IF(N65<=1,"NO CUMPLE",IF(N65>=2,"VIGENTE")) -> VIGENTE | P65: 46171 | Q65: =P65+365 -> 46536 | R65: =Q65-NOW() -> 314.49944 | S65: =IF(R65<=1,"NO CUMPLE",IF(R65>=2,"VIGENTE")) -> VIGENTE | T65: 46171 | U65: =T65+365 -> 46536 | V65: =U65-NOW() -> 314.49944 | W65: =IF(V65<=1,"NO CUMPLE",IF(V65>=2,"VIGENTE")) -> VIGENTE | X65: 4 | Y65: 3 | Z65: =COUNTIF(H65:K65,"OK") -> 4 | AA65: =COUNTIF(L65:W65,"VIGENTE") -> 3 | AB65: =Z65/X65 -> 1 | AC65: =AA65/Y65 -> 1 | AD65: =(Z65+AA65)/7 -> 1
C66: =LOOKUP(F66,BD!C:C,BD!A:A) -> LEIDER MISAEL | D66: =LOOKUP(F66,BD!C:C,BD!B:B) -> GUALDRON HERNANDEZ | E66: 3023984664 | F66: 1118571413 | G66: =LOOKUP(F66,BD!C:C,BD!D:D) -> 5601323 | H66: OK | I66: OK | J66: OK | K66: OK | L66: 45836 | M66: =L66+730 -> 46566 | N66: =M66-NOW() -> 344.49944 | O66: =IF(N66<=1,"NO CUMPLE",IF(N66>=2,"VIGENTE")) -> VIGENTE | P66: 45691 | Q66: =P66+730 -> 46421 | R66: =Q66-NOW() -> 199.49944 | S66: =IF(R66<=1,"NO CUMPLE",IF(R66>=2,"VIGENTE")) -> VIGENTE | T66: 45694 | U66: =T66+730 -> 46424 | V66: =U66-NOW() -> 202.49944 | W66: =IF(V66<=1,"NO CUMPLE",IF(V66>=2,"VIGENTE")) -> VIGENTE | X66: 4 | Y66: 3 | Z66: =COUNTIF(H66:K66,"OK") -> 4 | AA66: =COUNTIF(L66:W66,"VIGENTE") -> 3 | AB66: =Z66/X66 -> 1 | AC66: =AA66/Y66 -> 1 | AD66: =(Z66+AA66)/7 -> 1
C67: =LOOKUP(F67,BD!C:C,BD!A:A) -> LEIDY ALEXANDRA | D67: =LOOKUP(F67,BD!C:C,BD!B:B) -> CASTRO MONTOYA | E67: 3023889609 | F67: 1045670290 | G67: =LOOKUP(F67,BD!C:C,BD!D:D) -> 4230 | H67: OK | I67: OK | J67: OK | K67: OK | L67: 45693 | M67: =L67+730 -> 46423 | N67: =M67-NOW() -> 201.49944 | O67: =IF(N67<=1,"NO CUMPLE",IF(N67>=2,"VIGENTE")) -> VIGENTE | P67: 45691 | Q67: =P67+730 -> 46421 | R67: =Q67-NOW() -> 199.49944 | S67: =IF(R67<=1,"NO CUMPLE",IF(R67>=2,"VIGENTE")) -> VIGENTE | T67: 45683 | U67: =T67+730 -> 46413 | V67: =U67-NOW() -> 191.49944 | W67: =IF(V67<=1,"NO CUMPLE",IF(V67>=2,"VIGENTE")) -> VIGENTE | X67: 4 | Y67: 3 | Z67: =COUNTIF(H67:K67,"OK") -> 4 | AA67: =COUNTIF(L67:W67,"VIGENTE") -> 3 | AB67: =Z67/X67 -> 1 | AC67: =AA67/Y67 -> 1 | AD67: =(Z67+AA67)/7 -> 1
C68: =LOOKUP(F68,BD!C:C,BD!A:A) -> LEIDY CAROLINA | D68: =LOOKUP(F68,BD!C:C,BD!B:B) -> MONSALVE JARAMILLO | E68: 3122270658 | F68: 1045107358 | G68: =LOOKUP(F68,BD!C:C,BD!D:D) -> 5198907 | H68: OK | I68: OK | J68: OK | K68: OK | L68: 45859 | M68: =L68+730 -> 46589 | N68: =M68-NOW() -> 367.49944 | O68: =IF(N68<=1,"NO CUMPLE",IF(N68>=2,"VIGENTE")) -> VIGENTE | P68: 45880 | Q68: =P68+730 -> 46610 | R68: =Q68-NOW() -> 388.49944 | S68: =IF(R68<=1,"NO CUMPLE",IF(R68>=2,"VIGENTE")) -> VIGENTE | T68: 45880 | U68: =T68+730 -> 46610 | V68: =U68-NOW() -> 388.49944 | W68: =IF(V68<=1,"NO CUMPLE",IF(V68>=2,"VIGENTE")) -> VIGENTE | X68: 4 | Y68: 3 | Z68: =COUNTIF(H68:K68,"OK") -> 4 | AA68: =COUNTIF(L68:W68,"VIGENTE") -> 3 | AB68: =Z68/X68 -> 1 | AC68: =AA68/Y68 -> 1 | AD68: =(Z68+AA68)/7 -> 1
C69: =LOOKUP(F69,BD!C:C,BD!A:A) -> LEIDY JOHANA | D69: =LOOKUP(F69,BD!C:C,BD!B:B) -> MESA MESA | E69: 3148321465 | F69: 1017148321 | G69: =LOOKUP(F69,BD!C:C,BD!D:D) -> 5698818 | H69: OK | I69: OK | J69: OK | K69: OK | L69: 46143 | M69: =L69+365 -> 46508 | N69: =M69-NOW() -> 286.49944 | O69: =IF(N69<=1,"NO CUMPLE",IF(N69>=2,"VIGENTE")) -> VIGENTE | P69: 46143 | Q69: =P69+365 -> 46508 | R69: =Q69-NOW() -> 286.49944 | S69: =IF(R69<=1,"NO CUMPLE",IF(R69>=2,"VIGENTE")) -> VIGENTE | T69: 46143 | U69: =T69+365 -> 46508 | V69: =U69-NOW() -> 286.49944 | W69: =IF(V69<=1,"NO CUMPLE",IF(V69>=2,"VIGENTE")) -> VIGENTE | X69: 4 | Y69: 3 | Z69: =COUNTIF(H69:K69,"OK") -> 4 | AA69: =COUNTIF(L69:W69,"VIGENTE") -> 3 | AB69: =Z69/X69 -> 1 | AC69: =AA69/Y69 -> 1 | AD69: =(Z69+AA69)/7 -> 1
C70: =LOOKUP(F70,BD!C:C,BD!A:A) -> LEIDY MELISA | D70: =LOOKUP(F70,BD!C:C,BD!B:B) -> RENDON MARIN | E70: 3506672991 | F70: 1045113217 | G70: =LOOKUP(F70,BD!C:C,BD!D:D) -> 5352216 | H70: OK | I70: OK | J70: OK | K70: OK | L70: 45582 | M70: =L70+730 -> 46312 | N70: =M70-NOW() -> 90.49944 | O70: =IF(N70<=1,"NO CUMPLE",IF(N70>=2,"VIGENTE")) -> VIGENTE | P70: 46028 | Q70: =P70+365 -> 46393 | R70: =Q70-NOW() -> 171.49944 | S70: =IF(R70<=1,"NO CUMPLE",IF(R70>=2,"VIGENTE")) -> VIGENTE | T70: 46028 | U70: =T70+365 -> 46393 | V70: =U70-NOW() -> 171.49944 | W70: =IF(V70<=1,"NO CUMPLE",IF(V70>=2,"VIGENTE")) -> VIGENTE | X70: 4 | Y70: 3 | Z70: =COUNTIF(H70:K70,"OK") -> 4 | AA70: =COUNTIF(L70:W70,"VIGENTE") -> 3 | AB70: =Z70/X70 -> 1 | AC70: =AA70/Y70 -> 1 | AD70: =(Z70+AA70)/7 -> 1
C71: =LOOKUP(F71,BD!C:C,BD!A:A) -> LEIDY YOHANA | D71: =LOOKUP(F71,BD!C:C,BD!B:B) -> ORTIZ PEREZ | E71: 3103989649 | F71: 1216728020 | G71: =LOOKUP(F71,BD!C:C,BD!D:D) -> 5129521 | H71: OK | I71: OK | J71: OK | K71: OK | L71: 45945 | M71: =L71+730 -> 46675 | N71: =M71-NOW() -> 453.49944 | O71: =IF(N71<=1,"NO CUMPLE",IF(N71>=2,"VIGENTE")) -> VIGENTE | P71: 45880 | Q71: =P71+730 -> 46610 | R71: =Q71-NOW() -> 388.49944 | S71: =IF(R71<=1,"NO CUMPLE",IF(R71>=2,"VIGENTE")) -> VIGENTE | T71: 45880 | U71: =T71+730 -> 46610 | V71: =U71-NOW() -> 388.49944 | W71: =IF(V71<=1,"NO CUMPLE",IF(V71>=2,"VIGENTE")) -> VIGENTE | X71: 4 | Y71: 3 | Z71: =COUNTIF(H71:K71,"OK") -> 4 | AA71: =COUNTIF(L71:W71,"VIGENTE") -> 3 | AB71: =Z71/X71 -> 1 | AC71: =AA71/Y71 -> 1 | AD71: =(Z71+AA71)/7 -> 1
C72: =LOOKUP(F72,BD!C:C,BD!A:A) -> LEISY YOHANA | D72: =LOOKUP(F72,BD!C:C,BD!B:B) -> MURILLO ARTEAGA | E72: 3106974262 | F72: 1045050556 | G72: =LOOKUP(F72,BD!C:C,BD!D:D) -> 5671422 | H72: OK | I72: OK | J72: OK | K72: OK | L72: 45505 | M72: =L72+730 -> 46235 | N72: =M72-NOW() -> 13.49944 | O72: =IF(N72<=1,"NO CUMPLE",IF(N72>=2,"VIGENTE")) -> VIGENTE | P72: 45501 | Q72: =P72+730 -> 46231 | R72: =Q72-NOW() -> 9.4994402 | S72: =IF(R72<=1,"NO CUMPLE",IF(R72>=2,"VIGENTE")) -> VIGENTE | T72: 45503 | U72: =T72+730 -> 46233 | V72: =U72-NOW() -> 11.49944 | W72: =IF(V72<=1,"NO CUMPLE",IF(V72>=2,"VIGENTE")) -> VIGENTE | X72: 4 | Y72: 3 | Z72: =COUNTIF(H72:K72,"OK") -> 4 | AA72: =COUNTIF(L72:W72,"VIGENTE") -> 3 | AB72: =Z72/X72 -> 1 | AC72: =AA72/Y72 -> 1 | AD72: =(Z72+AA72)/7 -> 1
C73: =LOOKUP(F73,BD!C:C,BD!A:A) -> LEYDY TATIANA | D73: =LOOKUP(F73,BD!C:C,BD!B:B) -> SALDARRIAGA QUINTERO | E73: 3002206822 | F73: 1036614144 | G73: =LOOKUP(F73,BD!C:C,BD!D:D) -> 24060429475 | H73: OK | I73: OK | J73: OK | K73: OK | L73: 45542 | M73: =L73+730 -> 46272 | N73: =M73-NOW() -> 50.49944 | O73: =IF(N73<=1,"NO CUMPLE",IF(N73>=2,"VIGENTE")) -> VIGENTE | P73: 46027 | Q73: =P73+365 -> 46392 | R73: =Q73-NOW() -> 170.49944 | S73: =IF(R73<=1,"NO CUMPLE",IF(R73>=2,"VIGENTE")) -> VIGENTE | T73: 46027 | U73: =T73+365 -> 46392 | V73: =U73-NOW() -> 170.49944 | W73: =IF(V73<=1,"NO CUMPLE",IF(V73>=2,"VIGENTE")) -> VIGENTE | X73: 4 | Y73: 3 | Z73: =COUNTIF(H73:K73,"OK") -> 4 | AA73: =COUNTIF(L73:W73,"VIGENTE") -> 3 | AB73: =Z73/X73 -> 1 | AC73: =AA73/Y73 -> 1 | AD73: =(Z73+AA73)/7 -> 1
C74: =LOOKUP(F74,BD!C:C,BD!A:A) -> LIACELI | D74: =LOOKUP(F74,BD!C:C,BD!B:B) -> PIEDRAHITA PARRA | E74: 3243303431 | F74: 1017175985 | G74: =LOOKUP(F74,BD!C:C,BD!D:D) -> 5696323 | H74: OK | I74: OK | J74: OK | K74: OK | L74: 46057 | M74: =L74+730 -> 46787 | N74: =M74-NOW() -> 565.49944 | O74: =IF(N74<=1,"NO CUMPLE",IF(N74>=2,"VIGENTE")) -> VIGENTE | P74: 46064 | Q74: =P74+365 -> 46429 | R74: =Q74-NOW() -> 207.49944 | S74: =IF(R74<=1,"NO CUMPLE",IF(R74>=2,"VIGENTE")) -> VIGENTE | T74: 46062 | U74: =T74+365 -> 46427 | V74: =U74-NOW() -> 205.49944 | W74: =IF(V74<=1,"NO CUMPLE",IF(V74>=2,"VIGENTE")) -> VIGENTE | X74: 4 | Y74: 3 | Z74: =COUNTIF(H74:K74,"OK") -> 4 | AA74: =COUNTIF(L74:W74,"VIGENTE") -> 3 | AB74: =Z74/X74 -> 1 | AC74: =AA74/Y74 -> 1 | AD74: =(Z74+AA74)/7 -> 1
C75: =LOOKUP(F75,BD!C:C,BD!A:A) -> LIBARDO ALEXIS | D75: =LOOKUP(F75,BD!C:C,BD!B:B) -> LIDUEÑAS MANCO | E75: 3053544727 | F75: 1000438549 | G75: =LOOKUP(F75,BD!C:C,BD!D:D) -> 5656918 | H75: OK | I75: OK | J75: OK | K75: OK | L75: 46051 | M75: =L75+730 -> 46781 | N75: =M75-NOW() -> 559.49944 | O75: =IF(N75<=1,"NO CUMPLE",IF(N75>=2,"VIGENTE")) -> VIGENTE | P75: 45952 | Q75: =P75+730 -> 46682 | R75: =Q75-NOW() -> 460.49944 | S75: =IF(R75<=1,"NO CUMPLE",IF(R75>=2,"VIGENTE")) -> VIGENTE | T75: 46051 | U75: =T75+365 -> 46416 | V75: =U75-NOW() -> 194.49944 | W75: =IF(V75<=1,"NO CUMPLE",IF(V75>=2,"VIGENTE")) -> VIGENTE | X75: 4 | Y75: 3 | Z75: =COUNTIF(H75:K75,"OK") -> 4 | AA75: =COUNTIF(L75:W75,"VIGENTE") -> 3 | AB75: =Z75/X75 -> 1 | AC75: =AA75/Y75 -> 1 | AD75: =(Z75+AA75)/7 -> 1
C76: =LOOKUP(F76,BD!C:C,BD!A:A) -> LICETH CAROLINA | D76: =LOOKUP(F76,BD!C:C,BD!B:B) -> MATIZ VALENCIA | E76: 3016219502 | F76: 1000085342 | G76: =LOOKUP(F76,BD!C:C,BD!D:D) -> 25060175611 | H76: OK | I76: OK | J76: OK | K76: OK | L76: 45615 | M76: =L76+730 -> 46345 | N76: =M76-NOW() -> 123.49944 | O76: =IF(N76<=1,"NO CUMPLE",IF(N76>=2,"VIGENTE")) -> VIGENTE | P76: 46111 | Q76: =P76+730 -> 46841 | R76: =Q76-NOW() -> 619.49944 | S76: =IF(R76<=1,"NO CUMPLE",IF(R76>=2,"VIGENTE")) -> VIGENTE | T76: 45780 | U76: =T76+730 -> 46510 | V76: =U76-NOW() -> 288.49944 | W76: =IF(V76<=1,"NO CUMPLE",IF(V76>=2,"VIGENTE")) -> VIGENTE | X76: 4 | Y76: 3 | Z76: =COUNTIF(H76:K76,"OK") -> 4 | AA76: =COUNTIF(L76:W76,"VIGENTE") -> 3 | AB76: =Z76/X76 -> 1 | AC76: =AA76/Y76 -> 1 | AD76: =(Z76+AA76)/7 -> 1
C77: =LOOKUP(F77,BD!C:C,BD!A:A) -> LILIANA LINETH | D77: =LOOKUP(F77,BD!C:C,BD!B:B) -> RODRIGUEZ MARTINEZ | E77: 3053280070 | F77: 49789412 | G77: =LOOKUP(F77,BD!C:C,BD!D:D) -> 584 | H77: OK | I77: OK | J77: OK | K77: OK | L77: 45901 | M77: =L77+730 -> 46631 | N77: =M77-NOW() -> 409.49944 | O77: =IF(N77<=1,"NO CUMPLE",IF(N77>=2,"VIGENTE")) -> VIGENTE | P77: 45903 | Q77: =P77+730 -> 46633 | R77: =Q77-NOW() -> 411.49944 | S77: =IF(R77<=1,"NO CUMPLE",IF(R77>=2,"VIGENTE")) -> VIGENTE | T77: 45899 | U77: =T77+730 -> 46629 | V77: =U77-NOW() -> 407.49944 | W77: =IF(V77<=1,"NO CUMPLE",IF(V77>=2,"VIGENTE")) -> VIGENTE | X77: 4 | Y77: 3 | Z77: =COUNTIF(H77:K77,"OK") -> 4 | AA77: =COUNTIF(L77:W77,"VIGENTE") -> 3 | AB77: =Z77/X77 -> 1 | AC77: =AA77/Y77 -> 1 | AD77: =(Z77+AA77)/7 -> 1
C78: =LOOKUP(F78,BD!C:C,BD!A:A) -> LINDA VANESSA | D78: =LOOKUP(F78,BD!C:C,BD!B:B) -> PEREZ ESTRADA | E78: 3226577772 | F78: 1152212652 | G78: =LOOKUP(F78,BD!C:C,BD!D:D) -> 2024060245607 | H78: OK | I78: OK | J78: OK | K78: OK | L78: 46083 | M78: =L78+365 -> 46448 | N78: =M78-NOW() -> 226.49944 | O78: =IF(N78<=16,"NO CUMPLE",IF(N78>=16,"VIGENTE")) -> VIGENTE | P78: 45925 | Q78: =P78+730 -> 46655 | R78: =Q78-NOW() -> 433.49944 | S78: =IF(R78<=16,"NO CUMPLE",IF(R78>=16,"VIGENTE")) -> VIGENTE | T78: 46178 | U78: =T78+365 -> 46543 | V78: =U78-NOW() -> 321.49944 | W78: =IF(V78<=16,"NO CUMPLE",IF(V78>=16,"VIGENTE")) -> VIGENTE | X78: 4 | Y78: 3 | Z78: =COUNTIF(H78:K78,"OK") -> 4 | AA78: =COUNTIF(L78:W78,"VIGENTE") -> 3 | AB78: =Z78/X78 -> 1 | AC78: =AA78/Y78 -> 1 | AD78: =(Z78+AA78)/7 -> 1
C79: =LOOKUP(F79,BD!C:C,BD!A:A) -> LUIS DAN SIRILO | D79: =LOOKUP(F79,BD!C:C,BD!B:B) -> GONZALEZ SANDOVAL | E79: 3206168584 | F79: 1152457708 | G79: =LOOKUP(F79,BD!C:C,BD!D:D) -> 24060432006 | H79: OK | I79: OK | J79: OK | K79: OK | L79: 45935 | M79: =L79+730 -> 46665 | N79: =M79-NOW() -> 443.49944 | O79: =IF(N79<=1,"NO CUMPLE",IF(N79>=2,"VIGENTE")) -> VIGENTE | P79: 46027 | Q79: =P79+365 -> 46392 | R79: =Q79-NOW() -> 170.49944 | S79: =IF(R79<=1,"NO CUMPLE",IF(R79>=2,"VIGENTE")) -> VIGENTE | T79: 46028 | U79: =T79+365 -> 46393 | V79: =U79-NOW() -> 171.49944 | W79: =IF(V79<=1,"NO CUMPLE",IF(V79>=2,"VIGENTE")) -> VIGENTE | X79: 4 | Y79: 3 | Z79: =COUNTIF(H79:K79,"OK") -> 4 | AA79: =COUNTIF(L79:W79,"VIGENTE") -> 3 | AB79: =Z79/X79 -> 1 | AC79: =AA79/Y79 -> 1 | AD79: =(Z79+AA79)/7 -> 1
C80: =LOOKUP(F80,BD!C:C,BD!A:A) -> LUISA FERNANDA | D80: =LOOKUP(F80,BD!C:C,BD!B:B) -> TORO ALVAREZ | E80: 3195557986 | F80: 1035421934 | G80: =LOOKUP(F80,BD!C:C,BD!D:D) -> 24060093675 | H80: OK | I80: OK | J80: OK | K80: OK | L80: 45879 | M80: =L80+730 -> 46609 | N80: =M80-NOW() -> 387.49944 | O80: =IF(N80<=1,"NO CUMPLE",IF(N80>=2,"VIGENTE")) -> VIGENTE | P80: 45905 | Q80: =P80+730 -> 46635 | R80: =Q80-NOW() -> 413.49944 | S80: =IF(R80<=1,"NO CUMPLE",IF(R80>=2,"VIGENTE")) -> VIGENTE | T80: 45881 | U80: =T80+730 -> 46611 | V80: =U80-NOW() -> 389.49944 | W80: =IF(V80<=1,"NO CUMPLE",IF(V80>=2,"VIGENTE")) -> VIGENTE | X80: 4 | Y80: 3 | Z80: =COUNTIF(H80:K80,"OK") -> 4 | AA80: =COUNTIF(L80:W80,"VIGENTE") -> 3 | AB80: =Z80/X80 -> 1 | AC80: =AA80/Y80 -> 1 | AD80: =(Z80+AA80)/7 -> 1
C81: =LOOKUP(F81,BD!C:C,BD!A:A) -> LUNA ISABELA | D81: =LOOKUP(F81,BD!C:C,BD!B:B) -> PÁRAMO TÉLLEZ | E81: 3023514763 | F81: 1092455217 | G81: =LOOKUP(F81,BD!C:C,BD!D:D) -> 25060009148 | H81: OK | I81: OK | J81: OK | K81: OK | L81: 45473 | M81: =L81+730 -> 46203 | N81: =M81-NOW() -> -18.50056 | O81: =IF(N81<=1,"NO CUMPLE",IF(N81>=2,"VIGENTE")) -> NO CUMPLE | P81: 45650 | Q81: =P81+730 -> 46380 | R81: =Q81-NOW() -> 158.49944 | S81: =IF(R81<=1,"NO CUMPLE",IF(R81>=2,"VIGENTE")) -> VIGENTE | T81: 45648 | U81: =T81+730 -> 46378 | V81: =U81-NOW() -> 156.49944 | W81: =IF(V81<=1,"NO CUMPLE",IF(V81>=2,"VIGENTE")) -> VIGENTE | X81: 4 | Y81: 3 | Z81: =COUNTIF(H81:K81,"OK") -> 4 | AA81: =COUNTIF(L81:W81,"VIGENTE") -> 2 | AB81: =Z81/X81 -> 1 | AC81: =AA81/Y81 -> 0.66666667 | AD81: =(Z81+AA81)/7 -> 0.85714286
C82: =LOOKUP(F82,BD!C:C,BD!A:A) -> LUNA MISHEL | D82: =LOOKUP(F82,BD!C:C,BD!B:B) -> GARCIA SALDARRIAGA | E82: 3054483722 | F82: 1011392114 | G82: =LOOKUP(F82,BD!C:C,BD!D:D) -> 26060041431 | H82: OK | I82: OK | J82: OK | K82: OK | L82: 45625 | M82: =L82+730 -> 46355 | N82: =M82-NOW() -> 133.49944 | O82: =IF(N82<=1,"NO CUMPLE",IF(N82>=2,"VIGENTE")) -> VIGENTE | P82: 45599 | Q82: =P82+730 -> 46329 | R82: =Q82-NOW() -> 107.49944 | S82: =IF(R82<=1,"NO CUMPLE",IF(R82>=2,"VIGENTE")) -> VIGENTE | T82: 45784 | U82: =T82+730 -> 46514 | V82: =U82-NOW() -> 292.49944 | W82: =IF(V82<=1,"NO CUMPLE",IF(V82>=2,"VIGENTE")) -> VIGENTE | X82: 4 | Y82: 3 | Z82: =COUNTIF(H82:K82,"OK") -> 4 | AA82: =COUNTIF(L82:W82,"VIGENTE") -> 3 | AB82: =Z82/X82 -> 1 | AC82: =AA82/Y82 -> 1 | AD82: =(Z82+AA82)/7 -> 1
C83: =LOOKUP(F83,BD!C:C,BD!A:A) -> MANUEL ALEJANDRO | D83: =LOOKUP(F83,BD!C:C,BD!B:B) -> SALAZAR LOPEZ | E83: 3136584533 | F83: 1039462076 | G83: =LOOKUP(F83,BD!C:C,BD!D:D) -> 5417716 | H83: OK | I83: OK | J83: OK | K83: OK | L83: 46178 | M83: =L83+730 -> 46908 | N83: =M83-NOW() -> 686.49944 | O83: =IF(N83<=1,"NO CUMPLE",IF(N83>=2,"VIGENTE")) -> VIGENTE | P83: 46178 | Q83: =P83+730 -> 46908 | R83: =Q83-NOW() -> 686.49944 | S83: =IF(R83<=1,"NO CUMPLE",IF(R83>=2,"VIGENTE")) -> VIGENTE | T83: 46178 | U83: =T83+730 -> 46908 | V83: =U83-NOW() -> 686.49944 | W83: =IF(V83<=1,"NO CUMPLE",IF(V83>=2,"VIGENTE")) -> VIGENTE | X83: 4 | Y83: 3 | Z83: =COUNTIF(H83:K83,"OK") -> 4 | AA83: =COUNTIF(L83:W83,"VIGENTE") -> 3 | AB83: =Z83/X83 -> 1 | AC83: =AA83/Y83 -> 1 | AD83: =(Z83+AA83)/7 -> 1
C84: =LOOKUP(F84,BD!C:C,BD!A:A) -> MANUELA | D84: =LOOKUP(F84,BD!C:C,BD!B:B) -> QUINTERO GONZALEZ | E84: 3007793946 | F84: 1000088364 | G84: =LOOKUP(F84,BD!C:C,BD!D:D) -> 5453522 | H84: OK | I84: OK | J84: OK | K84: OK | L84: 45950 | M84: =L84+730 -> 46680 | N84: =M84-NOW() -> 458.49944 | O84: =IF(N84<=1,"NO CUMPLE",IF(N84>=2,"VIGENTE")) -> VIGENTE | P84: 45950 | Q84: =P84+730 -> 46680 | R84: =Q84-NOW() -> 458.49944 | S84: =IF(R84<=1,"NO CUMPLE",IF(R84>=2,"VIGENTE")) -> VIGENTE | T84: 45950 | U84: =T84+730 -> 46680 | V84: =U84-NOW() -> 458.49944 | W84: =IF(V84<=1,"NO CUMPLE",IF(V84>=2,"VIGENTE")) -> VIGENTE | X84: 4 | Y84: 3 | Z84: =COUNTIF(H84:K84,"OK") -> 4 | AA84: =COUNTIF(L84:W84,"VIGENTE") -> 3 | AB84: =Z84/X84 -> 1 | AC84: =AA84/Y84 -> 1 | AD84: =(Z84+AA84)/7 -> 1
C85: =LOOKUP(F85,BD!C:C,BD!A:A) -> MANUELA | D85: =LOOKUP(F85,BD!C:C,BD!B:B) -> PUERTA BUITRAGO | E85: 3014103242 | F85: 1032012176 | G85: =LOOKUP(F85,BD!C:C,BD!D:D) -> 1032012176 | H85: OK | I85: OK | J85: OK | K85: OK | L85: 45944 | M85: =L85+730 -> 46674 | N85: =M85-NOW() -> 452.49944 | O85: =IF(N85<=1,"NO CUMPLE",IF(N85>=2,"VIGENTE")) -> VIGENTE | P85: 45944 | Q85: =P85+730 -> 46674 | R85: =Q85-NOW() -> 452.49944 | S85: =IF(R85<=1,"NO CUMPLE",IF(R85>=2,"VIGENTE")) -> VIGENTE | T85: 45944 | U85: =T85+730 -> 46674 | V85: =U85-NOW() -> 452.49944 | W85: =IF(V85<=1,"NO CUMPLE",IF(V85>=2,"VIGENTE")) -> VIGENTE | X85: 4 | Y85: 3 | Z85: =COUNTIF(H85:K85,"OK") -> 4 | AA85: =COUNTIF(L85:W85,"VIGENTE") -> 3 | AB85: =Z85/X85 -> 1 | AC85: =AA85/Y85 -> 1 | AD85: =(Z85+AA85)/7 -> 1
C86: =LOOKUP(F86,BD!C:C,BD!A:A) -> MANUELA SAMARA | D86: =LOOKUP(F86,BD!C:C,BD!B:B) -> GIRALDO AGUDELO | E86: 3237224830 | F86: 1025761889 | G86: =LOOKUP(F86,BD!C:C,BD!D:D) -> 0 | H86: OK | J86: OK | L86: 45893 | M86: =L86+730 -> 46623 | N86: =M86-NOW() -> 401.49944 | O86: =IF(N86<=1,"NO CUMPLE",IF(N86>=2,"VIGENTE")) -> VIGENTE | P86: 46155 | Q86: =P86+730 -> 46885 | R86: =Q86-NOW() -> 663.49944 | S86: =IF(R86<=1,"NO CUMPLE",IF(R86>=2,"VIGENTE")) -> VIGENTE | T86: 46155 | U86: =T86+730 -> 46885 | V86: =U86-NOW() -> 663.49944 | W86: =IF(V86<=1,"NO CUMPLE",IF(V86>=2,"VIGENTE")) -> VIGENTE | X86: 4 | Y86: 3 | Z86: =COUNTIF(H86:K86,"OK") -> 2 | AA86: =COUNTIF(L86:W86,"VIGENTE") -> 3 | AB86: =Z86/X86 -> 0.5 | AC86: =AA86/Y86 -> 1 | AD86: =(Z86+AA86)/7 -> 0.71428571
C87: =LOOKUP(F87,BD!C:C,BD!A:A) -> MARIA CAMILA | D87: =LOOKUP(F87,BD!C:C,BD!B:B) -> CANO OBREGON | E87: 3052914856 | F87: 1011392507 | G87: =LOOKUP(F87,BD!C:C,BD!D:D) -> 24060421285 | H87: OK | I87: OK | J87: OK | K87: OK | L87: 45529 | M87: =L87+730 -> 46259 | N87: =M87-NOW() -> 37.49944 | O87: =IF(N87<=1,"NO CUMPLE",IF(N87>=2,"VIGENTE")) -> VIGENTE | P87: 45626 | Q87: =P87+730 -> 46356 | R87: =Q87-NOW() -> 134.49944 | S87: =IF(R87<=1,"NO CUMPLE",IF(R87>=2,"VIGENTE")) -> VIGENTE | T87: 45628 | U87: =T87+730 -> 46358 | V87: =U87-NOW() -> 136.49944 | W87: =IF(V87<=1,"NO CUMPLE",IF(V87>=2,"VIGENTE")) -> VIGENTE | X87: 4 | Y87: 3 | Z87: =COUNTIF(H87:K87,"OK") -> 4 | AA87: =COUNTIF(L87:W87,"VIGENTE") -> 3 | AB87: =Z87/X87 -> 1 | AC87: =AA87/Y87 -> 1 | AD87: =(Z87+AA87)/7 -> 1
C88: =LOOKUP(F88,BD!C:C,BD!A:A) -> MARIA CAMILA | D88: =LOOKUP(F88,BD!C:C,BD!B:B) -> RUA ARBOLEDA | E88: 3168030768 | F88: 1017262529 | G88: =LOOKUP(F88,BD!C:C,BD!D:D) -> 5164618 | H88: OK | I88: OK | J88: OK | K88: OK | L88: 45870 | M88: =L88+730 -> 46600 | N88: =M88-NOW() -> 378.49944 | O88: =IF(N88<=1,"NO CUMPLE",IF(N88>=2,"VIGENTE")) -> VIGENTE | P88: 45875 | Q88: =P88+730 -> 46605 | R88: =Q88-NOW() -> 383.49944 | S88: =IF(R88<=1,"NO CUMPLE",IF(R88>=2,"VIGENTE")) -> VIGENTE | T88: 45880 | U88: =T88+730 -> 46610 | V88: =U88-NOW() -> 388.49944 | W88: =IF(V88<=1,"NO CUMPLE",IF(V88>=2,"VIGENTE")) -> VIGENTE | X88: 4 | Y88: 3 | Z88: =COUNTIF(H88:K88,"OK") -> 4 | AA88: =COUNTIF(L88:W88,"VIGENTE") -> 3 | AB88: =Z88/X88 -> 1 | AC88: =AA88/Y88 -> 1 | AD88: =(Z88+AA88)/7 -> 1
C89: =LOOKUP(F89,BD!C:C,BD!A:A) -> MARIA CAMILA | D89: =LOOKUP(F89,BD!C:C,BD!B:B) -> SANCHEZ SANCHEZ | E89: 3128686354 | F89: 1017273119 | G89: =LOOKUP(F89,BD!C:C,BD!D:D) -> 5652818 | H89: OK | I89: OK | J89: OK | K89: OK | L89: 45889 | M89: =L89+730 -> 46619 | N89: =M89-NOW() -> 397.49944 | O89: =IF(N89<=1,"NO CUMPLE",IF(N89>=2,"VIGENTE")) -> VIGENTE | P89: 46126 | Q89: =P89+730 -> 46856 | R89: =Q89-NOW() -> 634.49944 | S89: =IF(R89<=1,"NO CUMPLE",IF(R89>=2,"VIGENTE")) -> VIGENTE | T89: 46124 | U89: =T89+730 -> 46854 | V89: =U89-NOW() -> 632.49944 | W89: =IF(V89<=1,"NO CUMPLE",IF(V89>=2,"VIGENTE")) -> VIGENTE | X89: 4 | Y89: 3 | Z89: =COUNTIF(H89:K89,"OK") -> 4 | AA89: =COUNTIF(L89:W89,"VIGENTE") -> 3 | AB89: =Z89/X89 -> 1 | AC89: =AA89/Y89 -> 1 | AD89: =(Z89+AA89)/7 -> 1
C90: =LOOKUP(F90,BD!C:C,BD!A:A) -> MARIA CRISTINA | D90: =LOOKUP(F90,BD!C:C,BD!B:B) -> MESA OCHOA | E90: 3165865291 | F90: 1039685400 | G90: =LOOKUP(F90,BD!C:C,BD!D:D) -> 26060065991 | H90: OK | I90: OK | J90: OK | K90: OK | L90: 45815 | M90: =L90+730 -> 46545 | N90: =M90-NOW() -> 323.49944 | O90: =IF(N90<=1,"NO CUMPLE",IF(N90>=2,"VIGENTE")) -> VIGENTE | P90: 45821 | Q90: =P90+730 -> 46551 | R90: =Q90-NOW() -> 329.49944 | S90: =IF(R90<=1,"NO CUMPLE",IF(R90>=2,"VIGENTE")) -> VIGENTE | T90: 45821 | U90: =T90+730 -> 46551 | V90: =U90-NOW() -> 329.49944 | W90: =IF(V90<=1,"NO CUMPLE",IF(V90>=2,"VIGENTE")) -> VIGENTE | X90: 4 | Y90: 3 | Z90: =COUNTIF(H90:K90,"OK") -> 4 | AA90: =COUNTIF(L90:W90,"VIGENTE") -> 3 | AB90: =Z90/X90 -> 1 | AC90: =AA90/Y90 -> 1 | AD90: =(Z90+AA90)/7 -> 1
C91: =LOOKUP(F91,BD!C:C,BD!A:A) -> MARIA FERNANDA | D91: =LOOKUP(F91,BD!C:C,BD!B:B) -> MONTAÑEZ GIRALDO | E91: 3053067612 | F91: 1000549072 | G91: =LOOKUP(F91,BD!C:C,BD!D:D) -> 25060444779 | H91: OK | I91: OK | J91: OK | K91: OK | L91: 45869 | M91: =L91+365 -> 46234 | N91: =M91-NOW() -> 12.49944 | O91: =IF(N91<=1,"NO CUMPLE",IF(N91>=2,"VIGENTE")) -> VIGENTE | P91: 45855 | Q91: =P91+365 -> 46220 | R91: =Q91-NOW() -> -1.5005598 | S91: =IF(R91<=1,"NO CUMPLE",IF(R91>=2,"VIGENTE")) -> NO CUMPLE | T91: 45855 | U91: =T91+730 -> 46585 | V91: =U91-NOW() -> 363.49944 | W91: =IF(V91<=1,"NO CUMPLE",IF(V91>=2,"VIGENTE")) -> VIGENTE | X91: 4 | Y91: 3 | Z91: =COUNTIF(H91:K91,"OK") -> 4 | AA91: =COUNTIF(L91:W91,"VIGENTE") -> 2 | AB91: =Z91/X91 -> 1 | AC91: =AA91/Y91 -> 0.66666667 | AD91: =(Z91+AA91)/7 -> 0.85714286
C92: =LOOKUP(F92,BD!C:C,BD!A:A) -> MARIA LIZETH | D92: =LOOKUP(F92,BD!C:C,BD!B:B) -> AGUIRRE GOMEZ | E92: 3205502997 | F92: 1000662143 | G92: =LOOKUP(F92,BD!C:C,BD!D:D) -> 5021322 | H92: OK | I92: OK | J92: OK | K92: OK | L92: 45826 | M92: =L92+365 -> 46191 | N92: =M92-NOW() -> -30.50056 | O92: =IF(N92<=1,"NO CUMPLE",IF(N92>=2,"VIGENTE")) -> NO CUMPLE | P92: 45826 | Q92: =P92+365 -> 46191 | R92: =Q92-NOW() -> -30.50056 | S92: =IF(R92<=1,"NO CUMPLE",IF(R92>=2,"VIGENTE")) -> NO CUMPLE | T92: 45826 | U92: =T92+365 -> 46191 | V92: =U92-NOW() -> -30.50056 | W92: =IF(V92<=1,"NO CUMPLE",IF(V92>=2,"VIGENTE")) -> NO CUMPLE | X92: 4 | Y92: 3 | Z92: =COUNTIF(H92:K92,"OK") -> 4 | AA92: =COUNTIF(L92:W92,"VIGENTE") -> 0 | AB92: =Z92/X92 -> 1 | AC92: =AA92/Y92 -> 0 | AD92: =(Z92+AA92)/7 -> 0.57142857
C93: =LOOKUP(F93,BD!C:C,BD!A:A) -> MARIA PAULINA | D93: =LOOKUP(F93,BD!C:C,BD!B:B) -> GIRALDO JARAMILLO | E93: 3193908918 | F93: 1035970205 | G93: =LOOKUP(F93,BD!C:C,BD!D:D) -> 25060180090 | H93: OK | I93: OK | J93: OK | K93: OK | L93: 45657 | M93: =L93+730 -> 46387 | N93: =M93-NOW() -> 165.49944 | O93: =IF(N93<=1,"NO CUMPLE",IF(N93>=2,"VIGENTE")) -> VIGENTE | P93: 45968 | Q93: =P93+730 -> 46698 | R93: =Q93-NOW() -> 476.49944 | S93: =IF(R93<=1,"NO CUMPLE",IF(R93>=2,"VIGENTE")) -> VIGENTE | T93: 45968 | U93: =T93+730 -> 46698 | V93: =U93-NOW() -> 476.49944 | W93: =IF(V93<=1,"NO CUMPLE",IF(V93>=2,"VIGENTE")) -> VIGENTE | X93: 4 | Y93: 3 | Z93: =COUNTIF(H93:K93,"OK") -> 4 | AA93: =COUNTIF(L93:W93,"VIGENTE") -> 3 | AB93: =Z93/X93 -> 1 | AC93: =AA93/Y93 -> 1 | AD93: =(Z93+AA93)/7 -> 1
C94: =LOOKUP(F94,BD!C:C,BD!A:A) -> MARIANA | D94: =LOOKUP(F94,BD!C:C,BD!B:B) -> DIAZ AGUIRRE | E94: 3125396601 | F94: 1000902815 | G94: =LOOKUP(F94,BD!C:C,BD!D:D) -> 5333823 | H94: OK | I94: OK | J94: OK | K94: OK | L94: 45811 | M94: =L94+730 -> 46541 | N94: =M94-NOW() -> 319.49944 | O94: =IF(N94<=1,"NO CUMPLE",IF(N94>=2,"VIGENTE")) -> VIGENTE | P94: 45811 | Q94: =P94+730 -> 46541 | R94: =Q94-NOW() -> 319.49944 | S94: =IF(R94<=1,"NO CUMPLE",IF(R94>=2,"VIGENTE")) -> VIGENTE | T94: 45811 | U94: =T94+730 -> 46541 | V94: =U94-NOW() -> 319.49944 | W94: =IF(V94<=1,"NO CUMPLE",IF(V94>=2,"VIGENTE")) -> VIGENTE | X94: 4 | Y94: 3 | Z94: =COUNTIF(H94:K94,"OK") -> 4 | AA94: =COUNTIF(L94:W94,"VIGENTE") -> 3 | AB94: =Z94/X94 -> 1 | AC94: =AA94/Y94 -> 1 | AD94: =(Z94+AA94)/7 -> 1
C95: =LOOKUP(F95,BD!C:C,BD!A:A) -> MARIBEL | D95: =LOOKUP(F95,BD!C:C,BD!B:B) -> ELORZA RODRIGUEZ | E95: 3215841523 | F95: 1010159183 | G95: =LOOKUP(F95,BD!C:C,BD!D:D) -> 24060075867 | H95: OK | I95: OK | J95: OK | K95: OK | L95: 46132 | M95: =L95+730 -> 46862 | N95: =M95-NOW() -> 640.49944 | O95: =IF(N95<=1,"NO CUMPLE",IF(N95>=2,"VIGENTE")) -> VIGENTE | P95: 45485 | Q95: =P95+730 -> 46215 | R95: =Q95-NOW() -> -6.5005598 | S95: =IF(R95<=1,"NO CUMPLE",IF(R95>=2,"VIGENTE")) -> NO CUMPLE | T95: 45628 | U95: =T95+730 -> 46358 | V95: =U95-NOW() -> 136.49944 | W95: =IF(V95<=1,"NO CUMPLE",IF(V95>=2,"VIGENTE")) -> VIGENTE | X95: 4 | Y95: 3 | Z95: =COUNTIF(H95:K95,"OK") -> 4 | AA95: =COUNTIF(L95:W95,"VIGENTE") -> 2 | AB95: =Z95/X95 -> 1 | AC95: =AA95/Y95 -> 0.66666667 | AD95: =(Z95+AA95)/7 -> 0.85714286
C96: =LOOKUP(F96,BD!C:C,BD!A:A) -> MARYORI ALEJANDRA | D96: =LOOKUP(F96,BD!C:C,BD!B:B) -> FRANCO RIOS | E96: 3044993886 | F96: 1036674174 | G96: =LOOKUP(F96,BD!C:C,BD!D:D) -> 5447719 | H96: OK | I96: OK | J96: OK | K96: OK | L96: 46181 | M96: =L96+730 -> 46911 | N96: =M96-NOW() -> 689.49944 | O96: =IF(N96<=1,"NO CUMPLE",IF(N96>=2,"VIGENTE")) -> VIGENTE | P96: 46182 | Q96: =P96+365 -> 46547 | R96: =Q96-NOW() -> 325.49944 | S96: =IF(R96<=1,"NO CUMPLE",IF(R96>=2,"VIGENTE")) -> VIGENTE | T96: 45992 | U96: =T96+730 -> 46722 | V96: =U96-NOW() -> 500.49944 | W96: =IF(V96<=1,"NO CUMPLE",IF(V96>=2,"VIGENTE")) -> VIGENTE | X96: 4 | Y96: 3 | Z96: =COUNTIF(H96:K96,"OK") -> 4 | AA96: =COUNTIF(L96:W96,"VIGENTE") -> 3 | AB96: =Z96/X96 -> 1 | AC96: =AA96/Y96 -> 1 | AD96: =(Z96+AA96)/7 -> 1
C97: =LOOKUP(F97,BD!C:C,BD!A:A) -> MATEO | D97: =LOOKUP(F97,BD!C:C,BD!B:B) -> HEREDIA VASQUEZ | E97: 3146761044 | F97: 1001153638 | G97: =LOOKUP(F97,BD!C:C,BD!D:D) -> 25060171422 | H97: OK | I97: OK | J97: OK | K97: OK | L97: 45597 | M97: =L97+730 -> 46327 | N97: =M97-NOW() -> 105.49944 | O97: =IF(N97<=1,"NO CUMPLE",IF(N97>=2,"VIGENTE")) -> VIGENTE | P97: 45847 | Q97: =P97+730 -> 46577 | R97: =Q97-NOW() -> 355.49944 | S97: =IF(R97<=1,"NO CUMPLE",IF(R97>=2,"VIGENTE")) -> VIGENTE | T97: 45867 | U97: =T97+730 -> 46597 | V97: =U97-NOW() -> 375.49944 | W97: =IF(V97<=1,"NO CUMPLE",IF(V97>=2,"VIGENTE")) -> VIGENTE | X97: 4 | Y97: 3 | Z97: =COUNTIF(H97:K97,"OK") -> 4 | AA97: =COUNTIF(L97:W97,"VIGENTE") -> 3 | AB97: =Z97/X97 -> 1 | AC97: =AA97/Y97 -> 1 | AD97: =(Z97+AA97)/7 -> 1
C98: =LOOKUP(F98,BD!C:C,BD!A:A) -> MATEO | D98: =LOOKUP(F98,BD!C:C,BD!B:B) -> ZAPATA RESTREPO | E98: 3043657598 | F98: 1037651776 | G98: =LOOKUP(F98,BD!C:C,BD!D:D) -> 5229823 | H98: OK | I98: OK | J98: OK | K98: OK | L98: 45946 | M98: =L98+730 -> 46676 | N98: =M98-NOW() -> 454.49944 | O98: =IF(N98<=1,"NO CUMPLE",IF(N98>=2,"VIGENTE")) -> VIGENTE | P98: 45940 | Q98: =P98+730 -> 46670 | R98: =Q98-NOW() -> 448.49944 | S98: =IF(R98<=1,"NO CUMPLE",IF(R98>=2,"VIGENTE")) -> VIGENTE | T98: 45490 | U98: =T98+730 -> 46220 | V98: =U98-NOW() -> -1.5005598 | W98: =IF(V98<=1,"NO CUMPLE",IF(V98>=2,"VIGENTE")) -> NO CUMPLE | X98: 4 | Y98: 3 | Z98: =COUNTIF(H98:K98,"OK") -> 4 | AA98: =COUNTIF(L98:W98,"VIGENTE") -> 2 | AB98: =Z98/X98 -> 1 | AC98: =AA98/Y98 -> 0.66666667 | AD98: =(Z98+AA98)/7 -> 0.85714286
C99: =LOOKUP(F99,BD!C:C,BD!A:A) -> MELANY | D99: =LOOKUP(F99,BD!C:C,BD!B:B) -> LOPERA CORREA | E99: 3007920925 | F99: 1018232525 | G99: =LOOKUP(F99,BD!C:C,BD!D:D) -> 25060181730 | H99: OK | I99: OK | J99: OK | K99: OK | L99: 45860 | M99: =L99+730 -> 46590 | N99: =M99-NOW() -> 368.49944 | O99: =IF(N99<=1,"NO CUMPLE",IF(N99>=2,"VIGENTE")) -> VIGENTE | P99: 45742 | Q99: =P99+730 -> 46472 | R99: =Q99-NOW() -> 250.49944 | S99: =IF(R99<=1,"NO CUMPLE",IF(R99>=2,"VIGENTE")) -> VIGENTE | T99: 45861 | U99: =T99+730 -> 46591 | V99: =U99-NOW() -> 369.49944 | W99: =IF(V99<=1,"NO CUMPLE",IF(V99>=2,"VIGENTE")) -> VIGENTE | X99: 4 | Y99: 3 | Z99: =COUNTIF(H99:K99,"OK") -> 4 | AA99: =COUNTIF(L99:W99,"VIGENTE") -> 3 | AB99: =Z99/X99 -> 1 | AC99: =AA99/Y99 -> 1 | AD99: =(Z99+AA99)/7 -> 1
C100: =LOOKUP(F100,BD!C:C,BD!A:A) -> MELANY | D100: =LOOKUP(F100,BD!C:C,BD!B:B) -> BLANDON PUERTA | E100: 3024136728 | F100: 1146443718 | G100: =LOOKUP(F100,BD!C:C,BD!D:D) -> 5117223 | H100: OK | I100: OK | J100: OK | K100: OK | L100: 46020 | M100: =L100+730 -> 46750 | N100: =M100-NOW() -> 528.49944 | O100: =IF(N100<=1,"NO CUMPLE",IF(N100>=2,"VIGENTE")) -> VIGENTE | P100: 46020 | Q100: =P100+730 -> 46750 | R100: =Q100-NOW() -> 528.49944 | S100: =IF(R100<=1,"NO CUMPLE",IF(R100>=2,"VIGENTE")) -> VIGENTE | T100: 46020 | U100: =T100+730 -> 46750 | V100: =U100-NOW() -> 528.49944 | W100: =IF(V100<=1,"NO CUMPLE",IF(V100>=2,"VIGENTE")) -> VIGENTE | X100: 4 | Y100: 3 | Z100: =COUNTIF(H100:K100,"OK") -> 4 | AA100: =COUNTIF(L100:W100,"VIGENTE") -> 3 | AB100: =Z100/X100 -> 1 | AC100: =AA100/Y100 -> 1 | AD100: =(Z100+AA100)/7 -> 1
C101: =LOOKUP(F101,BD!C:C,BD!A:A) -> MELINA | D101: =LOOKUP(F101,BD!C:C,BD!B:B) -> CUARTAS BOTERO | E101: 3027211146 | F101: 1023525728 | G101: =LOOKUP(F101,BD!C:C,BD!D:D) -> 26060043595 | H101: OK | I101: OK | J101: OK | K101: OK | L101: 46167 | M101: =L101+730 -> 46897 | N101: =M101-NOW() -> 675.49944 | O101: =IF(N101<=1,"NO CUMPLE",IF(N101>=2,"VIGENTE")) -> VIGENTE | P101: 45932 | Q101: =P101+730 -> 46662 | R101: =Q101-NOW() -> 440.49944 | S101: =IF(R101<=1,"NO CUMPLE",IF(R101>=2,"VIGENTE")) -> VIGENTE | T101: 46167 | U101: =T101+365 -> 46532 | V101: =U101-NOW() -> 310.49944 | W101: =IF(V101<=1,"NO CUMPLE",IF(V101>=2,"VIGENTE")) -> VIGENTE | X101: 4 | Y101: 3 | Z101: =COUNTIF(H101:K101,"OK") -> 4 | AA101: =COUNTIF(L101:W101,"VIGENTE") -> 3 | AB101: =Z101/X101 -> 1 | AC101: =AA101/Y101 -> 1 | AD101: =(Z101+AA101)/7 -> 1
C102: =LOOKUP(F102,BD!C:C,BD!A:A) -> MELISA | D102: =LOOKUP(F102,BD!C:C,BD!B:B) -> PARRA VALENCIA | E102: 3128269586 | F102: 1007242992 | G102: =LOOKUP(F102,BD!C:C,BD!D:D) -> 5514519 | H102: OK | I102: OK | J102: OK | K102: OK | L102: 45938 | M102: =L102+730 -> 46668 | N102: =M102-NOW() -> 446.49944 | O102: =IF(N102<=1,"NO CUMPLE",IF(N102>=2,"VIGENTE")) -> VIGENTE | P102: 45942 | Q102: =P102+730 -> 46672 | R102: =Q102-NOW() -> 450.49944 | S102: =IF(R102<=1,"NO CUMPLE",IF(R102>=2,"VIGENTE")) -> VIGENTE | T102: 45940 | U102: =T102+730 -> 46670 | V102: =U102-NOW() -> 448.49944 | W102: =IF(V102<=1,"NO CUMPLE",IF(V102>=2,"VIGENTE")) -> VIGENTE | X102: 4 | Y102: 3 | Z102: =COUNTIF(H102:K102,"OK") -> 4 | AA102: =COUNTIF(L102:W102,"VIGENTE") -> 3 | AB102: =Z102/X102 -> 1 | AC102: =AA102/Y102 -> 1 | AD102: =(Z102+AA102)/7 -> 1
C103: =LOOKUP(F103,BD!C:C,BD!A:A) -> MELISSA ALEXANDRA | D103: =LOOKUP(F103,BD!C:C,BD!B:B) -> VERGARA SEPULVEDA | E103: 3044376133 | F103: 1010092679 | G103: =LOOKUP(F103,BD!C:C,BD!D:D) -> 2024060024727 | H103: OK | I103: OK | J103: OK | K103: OK | L103: 45947 | M103: =L103+730 -> 46677 | N103: =M103-NOW() -> 455.49944 | O103: =IF(N103<=1,"NO CUMPLE",IF(N103>=2,"VIGENTE")) -> VIGENTE | P103: 45945 | Q103: =P103+730 -> 46675 | R103: =Q103-NOW() -> 453.49944 | S103: =IF(R103<=1,"NO CUMPLE",IF(R103>=2,"VIGENTE")) -> VIGENTE | T103: 45943 | U103: =T103+730 -> 46673 | V103: =U103-NOW() -> 451.49944 | W103: =IF(V103<=1,"NO CUMPLE",IF(V103>=2,"VIGENTE")) -> VIGENTE | X103: 4 | Y103: 3 | Z103: =COUNTIF(H103:K103,"OK") -> 4 | AA103: =COUNTIF(L103:W103,"VIGENTE") -> 3 | AB103: =Z103/X103 -> 1 | AC103: =AA103/Y103 -> 1 | AD103: =(Z103+AA103)/7 -> 1
C104: =LOOKUP(F104,BD!C:C,BD!A:A) -> MIGUEL ANGEL | D104: =LOOKUP(F104,BD!C:C,BD!B:B) -> CAMPILLO ATEHORTUA | E104: 3126771812 | F104: 1000898470 | G104: =LOOKUP(F104,BD!C:C,BD!D:D) -> 5122123 | H104: OK | I104: OK | J104: OK | K104: OK | L104: 45759 | M104: =L104+730 -> 46489 | N104: =M104-NOW() -> 267.49944 | O104: =IF(N104<=1,"NO CUMPLE",IF(N104>=2,"VIGENTE")) -> VIGENTE | P104: 45904 | Q104: =P104+730 -> 46634 | R104: =Q104-NOW() -> 412.49944 | S104: =IF(R104<=1,"NO CUMPLE",IF(R104>=2,"VIGENTE")) -> VIGENTE | T104: 45904 | U104: =T104+730 -> 46634 | V104: =U104-NOW() -> 412.49944 | W104: =IF(V104<=1,"NO CUMPLE",IF(V104>=2,"VIGENTE")) -> VIGENTE | X104: 4 | Y104: 3 | Z104: =COUNTIF(H104:K104,"OK") -> 4 | AA104: =COUNTIF(L104:W104,"VIGENTE") -> 3 | AB104: =Z104/X104 -> 1 | AC104: =AA104/Y104 -> 1 | AD104: =(Z104+AA104)/7 -> 1
...

Sheet Voluntarios
B2: CORPORACION SOCORRISTAS GRUPO DE APOYO | K2: FECHA DE REALIZACION : FR
K3: Atencion Victimas de Violencia Sexual: AVVS
B4: VERIFICACION DEL TALENTO HUMANO | K4: Atencion a Victimas de Ataques con Agentes Quimicos: AVAQ
K5: Reanimacion Cerebro Cardio Pulmonar : BLS
B6: Nº | C6: NOMBRES | D6: APELLIDOS | E6: CONTACTO | F6: NÚMERO DE IDENTIFICACIÓN | G6: REGISTRO | H6: HOJA DE VIDA | I6: RETHUS | J6: ACTA O DIPLOMA | K6: RESOLUCION / TARJETA PROFESIONAL | L6: BLS | P6: AVVS | T6: AVAQ | AB6: CUMPLIMIENTO DOCUMENTO | AC6: DOCUMENTO CERTIFICADO | AD6: TOTAL CUMPLIMIENTO
L9: FR | M9: FV | N9: Dias | O9: Vigente | P9: FR | Q9: FV | R9: Dias | S9: Vigente | T9: FR | U9: FV | V9: Dias | W9: Vigente | X9: CT | Y9: VT | Z9: C | AA9: V
C11: =LOOKUP(F11,BD!C:C,BD!A:A) -> DIDUAYAN | D11: =LOOKUP(F11,BD!C:C,BD!B:B) -> GOMEZ VASCO | E11: 3136161729 | F11: 1020469042 | G11: =LOOKUP(F11,BD!C:C,BD!D:D) -> 5614013 | H11: OK | I11: OK | J11: OK | K11: OK | L11: 46163 | M11: =L11+730 -> 46893 | N11: =M11-NOW() -> 671.49944 | O11: =IF(N11<=16,"NO CUMPLE",IF(N11>=16,"VIGENTE")) -> VIGENTE | P11: 45743 | Q11: =P11+730 -> 46473 | R11: =Q11-NOW() -> 251.49944 | S11: =IF(R11<=16,"NO CUMPLE",IF(R11>=16,"VIGENTE")) -> VIGENTE | T11: 45744 | U11: =T11+730 -> 46474 | V11: =U11-NOW() -> 252.49944 | W11: =IF(V11<=16,"NO CUMPLE",IF(V11>=16,"VIGENTE")) -> VIGENTE | X11: 4 | Y11: 3 | Z11: =COUNTIF(H11:K11,"OK") -> 4 | AA11: =COUNTIF(L11:W11,"VIGENTE") -> 3 | AB11: =Z11/X11 -> 1 | AC11: =AA11/Y11 -> 1 | AD11: =(Z11+AA11)/7 -> 1
C12: =LOOKUP(F12,BD!C:C,BD!A:A) -> ANDRES FELIPE | D12: =LOOKUP(F12,BD!C:C,BD!B:B) -> GAVIRIA BUSTAMANTE | E12: 3124247466 | F12: 98762700 | G12: =LOOKUP(F12,BD!C:C,BD!D:D) -> 5637517 | H12: OK | I12: OK | J12: OK | K12: OK | L12: 46267 | M12: =L12+730 -> 46997 | N12: =M12-NOW() -> 775.49944 | O12: =IF(N12<=16,"NO CUMPLE",IF(N12>=16,"VIGENTE")) -> VIGENTE | P12: 45408 | Q12: =P12+730 -> 46138 | R12: =Q12-NOW() -> -83.50056 | S12: =IF(R12<=16,"NO CUMPLE",IF(R12>=16,"VIGENTE")) -> NO CUMPLE | T12: 46064 | U12: =T12+730 -> 46794 | V12: =U12-NOW() -> 572.49944 | W12: =IF(V12<=16,"NO CUMPLE",IF(V12>=16,"VIGENTE")) -> VIGENTE | X12: 4 | Y12: 3 | Z12: =COUNTIF(H12:K12,"OK") -> 4 | AA12: =COUNTIF(L12:W12,"VIGENTE") -> 2 | AB12: =Z12/X12 -> 1 | AC12: =AA12/Y12 -> 0.66666667 | AD12: =(Z12+AA12)/7 -> 0.85714286
C13: =LOOKUP(F13,BD!C:C,BD!A:A) -> CATALINA | D13: =LOOKUP(F13,BD!C:C,BD!B:B) -> ORREGO PALACIO | E13: 3122380431 | F13: 1017184709 | G13: =LOOKUP(F13,BD!C:C,BD!D:D) -> 5777516 | H13: OK | I13: OK | J13: OK | K13: OK | M13: =L13+730 -> 730 | N13: =M13-NOW() -> -45491.501 | O13: =IF(N13<=16,"NO CUMPLE",IF(N13>=16,"VIGENTE")) -> NO CUMPLE | Q13: =P13+730 -> 730 | R13: =Q13-NOW() -> -45491.501 | S13: =IF(R13<=16,"NO CUMPLE",IF(R13>=16,"VIGENTE")) -> NO CUMPLE | U13: =T13+730 -> 730 | V13: =U13-NOW() -> -45491.501 | W13: =IF(V13<=16,"NO CUMPLE",IF(V13>=16,"VIGENTE")) -> NO CUMPLE | X13: 4 | Y13: 3 | Z13: =COUNTIF(H13:K13,"OK") -> 4 | AA13: =COUNTIF(L13:W13,"VIGENTE") -> 0 | AB13: =Z13/X13 -> 1 | AC13: =AA13/Y13 -> 0 | AD13: =(Z13+AA13)/7 -> 0.57142857
C14: =LOOKUP(F14,BD!C:C,BD!A:A) -> ROBINSON | D14: =LOOKUP(F14,BD!C:C,BD!B:B) -> SANCHEZ LONDOÑO | E14: 3192128238 | F14: 1214734374 | G14: =LOOKUP(F14,BD!C:C,BD!D:D) -> 5184321 | H14: OK | I14: OK | J14: OK | K14: OK | M14: =L14+730 -> 730 | N14: =M14-NOW() -> -45491.501 | O14: =IF(N14<=16,"NO CUMPLE",IF(N14>=16,"VIGENTE")) -> NO CUMPLE | Q14: =P14+730 -> 730 | R14: =Q14-NOW() -> -45491.501 | S14: =IF(R14<=16,"NO CUMPLE",IF(R14>=16,"VIGENTE")) -> NO CUMPLE | U14: =T14+730 -> 730 | V14: =U14-NOW() -> -45491.501 | W14: =IF(V14<=16,"NO CUMPLE",IF(V14>=16,"VIGENTE")) -> NO CUMPLE | X14: 4 | Y14: 3 | Z14: =COUNTIF(H14:K14,"OK") -> 4 | AA14: =COUNTIF(L14:W14,"VIGENTE") -> 0 | AB14: =Z14/X14 -> 1 | AC14: =AA14/Y14 -> 0 | AD14: =(Z14+AA14)/7 -> 0.57142857
C15: =LOOKUP(F15,BD!C:C,BD!A:A) -> LUIS DANIEL | D15: =LOOKUP(F15,BD!C:C,BD!B:B) -> SERNA SUESCUN | E15: 3137284128 | F15: 1017197109 | G15: =LOOKUP(F15,BD!C:C,BD!D:D) -> 5236518 | I15: OK | L15: 45935 | M15: =L15+730 -> 46665 | N15: =M15-NOW() -> 443.49944 | O15: =IF(N15<=16,"NO CUMPLE",IF(N15>=16,"VIGENTE")) -> VIGENTE | Q15: =P15+730 -> 730 | R15: =Q15-NOW() -> -45491.501 | S15: =IF(R15<=16,"NO CUMPLE",IF(R15>=16,"VIGENTE")) -> NO CUMPLE | T15: 46111 | U15: =T15+730 -> 46841 | V15: =U15-NOW() -> 619.49944 | W15: =IF(V15<=16,"NO CUMPLE",IF(V15>=16,"VIGENTE")) -> VIGENTE | X15: 4 | Y15: 3 | Z15: =COUNTIF(H15:K15,"OK") -> 1 | AA15: =COUNTIF(L15:W15,"VIGENTE") -> 2 | AB15: =Z15/X15 -> 0.25 | AC15: =AA15/Y15 -> 0.66666667 | AD15: =(Z15+AA15)/7 -> 0.42857143
C16: =LOOKUP(F16,BD!C:C,BD!A:A) -> ANDRES MIGUEL | D16: =LOOKUP(F16,BD!C:C,BD!B:B) -> ALMANZA PARRA | F16: 1067961110 | G16: =LOOKUP(F16,BD!C:C,BD!D:D) -> 5442720 | H16: OK | I16: OK | J16: OK | K16: DIPLOBLS | L16: 45438 | M16: =L16+730 -> 46168 | N16: =M16-NOW() -> -53.50056 | O16: =IF(N16<=16,"NO CUMPLE",IF(N16>=16,"VIGENTE")) -> NO CUMPLE | P16: 45951 | Q16: =P16+730 -> 46681 | R16: =Q16-NOW() -> 459.49944 | S16: =IF(R16<=16,"NO CUMPLE",IF(R16>=16,"VIGENTE")) -> VIGENTE | T16: 45953 | U16: =T16+730 -> 46683 | V16: =U16-NOW() -> 461.49944 | W16: =IF(V16<=16,"NO CUMPLE",IF(V16>=16,"VIGENTE")) -> VIGENTE | X16: 4 | Y16: 3 | Z16: =COUNTIF(H16:K16,"OK") -> 3 | AA16: =COUNTIF(L16:W16,"VIGENTE") -> 2 | AB16: =Z16/X16 -> 0.75 | AC16: =AA16/Y16 -> 0.66666667 | AD16: =(Z16+AA16)/7 -> 0.71428571
C17: =LOOKUP(F17,BD!C:C,BD!A:A) -> NEDIS MARIA | D17: =LOOKUP(F17,BD!C:C,BD!B:B) -> SANCHEZ PEREZ | E17: 3229455054 | F17: 30687786 | G17: =LOOKUP(F17,BD!C:C,BD!D:D) -> 2322913 | H17: OK | I17: OK | J17: OK | K17: OK | L17: 45403 | M17: =L17+730 -> 46133 | N17: =M17-NOW() -> -88.50056 | O17: =IF(N17<=16,"NO CUMPLE",IF(N17>=16,"VIGENTE")) -> NO CUMPLE | P17: 45401 | Q17: =P17+730 -> 46131 | R17: =Q17-NOW() -> -90.50056 | S17: =IF(R17<=16,"NO CUMPLE",IF(R17>=16,"VIGENTE")) -> NO CUMPLE | U17: =T17+730 -> 730 | V17: =U17-NOW() -> -45491.501 | W17: =IF(V17<=16,"NO CUMPLE",IF(V17>=16,"VIGENTE")) -> NO CUMPLE | X17: 4 | Y17: 3 | Z17: =COUNTIF(H17:K17,"OK") -> 4 | AA17: =COUNTIF(L17:W17,"VIGENTE") -> 0 | AB17: =Z17/X17 -> 1 | AC17: =AA17/Y17 -> 0 | AD17: =(Z17+AA17)/7 -> 0.57142857
C18: =LOOKUP(F18,BD!C:C,BD!A:A) -> ILSSY ESTEFANIA | D18: =LOOKUP(F18,BD!C:C,BD!B:B) -> GUERRA VALENCIA | E18: 3006395090 | F18: 1128403070 | G18: =LOOKUP(F18,BD!C:C,BD!D:D) -> 5232116 | H18: OK | I18: OK | J18: OK | K18: OK | L18: 46130 | M18: =L18+730 -> 46860 | N18: =M18-NOW() -> 638.49944 | O18: =IF(N18<=16,"NO CUMPLE",IF(N18>=16,"VIGENTE")) -> VIGENTE | Q18: =P18+730 -> 730 | R18: =Q18-NOW() -> -45491.501 | S18: =IF(R18<=16,"NO CUMPLE",IF(R18>=16,"VIGENTE")) -> NO CUMPLE | U18: =T18+730 -> 730 | V18: =U18-NOW() -> -45491.501 | W18: =IF(V18<=16,"NO CUMPLE",IF(V18>=16,"VIGENTE")) -> NO CUMPLE | X18: 4 | Y18: 3 | Z18: =COUNTIF(H18:K18,"OK") -> 4 | AA18: =COUNTIF(L18:W18,"VIGENTE") -> 1 | AB18: =Z18/X18 -> 1 | AC18: =AA18/Y18 -> 0.33333333 | AD18: =(Z18+AA18)/7 -> 0.71428571
C19: =LOOKUP(F19,BD!C:C,BD!A:A) -> SHIRLEY | D19: =LOOKUP(F19,BD!C:C,BD!B:B) -> VIANA VALBUENA | E19: 3234646756 | F19: 1035877000 | G19: =LOOKUP(F19,BD!C:C,BD!D:D) -> 5492616 | H19: OK | I19: OK | J19: OK | K19: OK | M19: =L19+730 -> 730 | N19: =M19-NOW() -> -45491.501 | O19: =IF(N19<=16,"NO CUMPLE",IF(N19>=16,"VIGENTE")) -> NO CUMPLE | Q19: =P19+730 -> 730 | R19: =Q19-NOW() -> -45491.501 | S19: =IF(R19<=16,"NO CUMPLE",IF(R19>=16,"VIGENTE")) -> NO CUMPLE | T19: 46025 | U19: =T19+730 -> 46755 | V19: =U19-NOW() -> 533.49944 | W19: =IF(V19<=16,"NO CUMPLE",IF(V19>=16,"VIGENTE")) -> VIGENTE | X19: 4 | Y19: 3 | Z19: =COUNTIF(H19:K19,"OK") -> 4 | AA19: =COUNTIF(L19:W19,"VIGENTE") -> 1 | AB19: =Z19/X19 -> 1 | AC19: =AA19/Y19 -> 0.33333333 | AD19: =(Z19+AA19)/7 -> 0.71428571
C20: =LOOKUP(F20,BD!C:C,BD!A:A) -> MARIA ISABEL | D20: =LOOKUP(F20,BD!C:C,BD!B:B) -> GALLO TOBON | E20: 3044271368 | F20: 1037641294 | G20: =LOOKUP(F20,BD!C:C,BD!D:D) -> 5547417 | H20: OK | I20: OK | J20: OK | K20: OK | M20: =L20+730 -> 730 | N20: =M20-NOW() -> -45491.501 | O20: =IF(N20<=16,"NO CUMPLE",IF(N20>=16,"VIGENTE")) -> NO CUMPLE | Q20: =P20+730 -> 730 | R20: =Q20-NOW() -> -45491.501 | S20: =IF(R20<=16,"NO CUMPLE",IF(R20>=16,"VIGENTE")) -> NO CUMPLE | U20: =T20+730 -> 730 | V20: =U20-NOW() -> -45491.501 | W20: =IF(V20<=16,"NO CUMPLE",IF(V20>=16,"VIGENTE")) -> NO CUMPLE | X20: 4 | Y20: 3 | Z20: =COUNTIF(H20:K20,"OK") -> 4 | AA20: =COUNTIF(L20:W20,"VIGENTE") -> 0 | AB20: =Z20/X20 -> 1 | AC20: =AA20/Y20 -> 0 | AD20: =(Z20+AA20)/7 -> 0.57142857
C21: =LOOKUP(F21,BD!C:C,BD!A:A) -> JUAN CARLOS | D21: =LOOKUP(F21,BD!C:C,BD!B:B) -> CARO GIL | E21: 3002283930 | F21: 71220062 | G21: =LOOKUP(F21,BD!C:C,BD!D:D) -> 5329322 | H21: OK | I21: OK | J21: OK | K21: OK | L21: 45407 | M21: =L21+730 -> 46137 | N21: =M21-NOW() -> -84.50056 | O21: =IF(N21<=16,"NO CUMPLE",IF(N21>=16,"VIGENTE")) -> NO CUMPLE | P21: 45405 | Q21: =P21+730 -> 46135 | R21: =Q21-NOW() -> -86.50056 | S21: =IF(R21<=16,"NO CUMPLE",IF(R21>=16,"VIGENTE")) -> NO CUMPLE | U21: =T21+730 -> 730 | V21: =U21-NOW() -> -45491.501 | W21: =IF(V21<=16,"NO CUMPLE",IF(V21>=16,"VIGENTE")) -> NO CUMPLE | X21: 4 | Y21: 3 | Z21: =COUNTIF(H21:K21,"OK") -> 4 | AA21: =COUNTIF(L21:W21,"VIGENTE") -> 0 | AB21: =Z21/X21 -> 1 | AC21: =AA21/Y21 -> 0 | AD21: =(Z21+AA21)/7 -> 0.57142857
C22: =LOOKUP(F22,BD!C:C,BD!A:A) -> PALAY | D22: =LOOKUP(F22,BD!C:C,BD!B:B) -> PELAEZ RAMIREZ | E22: 3104156290 | F22: 43606925 | G22: =LOOKUP(F22,BD!C:C,BD!D:D) -> 481 | H22: OK | I22: OK | J22: OK | K22: OK | M22: =L22+730 -> 730 | N22: =M22-NOW() -> -45491.501 | O22: =IF(N22<=16,"NO CUMPLE",IF(N22>=16,"VIGENTE")) -> NO CUMPLE | Q22: =P22+730 -> 730 | R22: =Q22-NOW() -> -45491.501 | S22: =IF(R22<=16,"NO CUMPLE",IF(R22>=16,"VIGENTE")) -> NO CUMPLE | U22: =T22+730 -> 730 | V22: =U22-NOW() -> -45491.501 | W22: =IF(V22<=16,"NO CUMPLE",IF(V22>=16,"VIGENTE")) -> NO CUMPLE | X22: 4 | Y22: 3 | Z22: =COUNTIF(H22:K22,"OK") -> 4 | AA22: =COUNTIF(L22:W22,"VIGENTE") -> 0 | AB22: =Z22/X22 -> 1 | AC22: =AA22/Y22 -> 0 | AD22: =(Z22+AA22)/7 -> 0.57142857
C23: =LOOKUP(F23,BD!C:C,BD!A:A) -> #N/A | D23: =LOOKUP(F23,BD!C:C,BD!B:B) -> #N/A | G23: =LOOKUP(F23,BD!C:C,BD!D:D) -> #N/A | M23: =L23+730 -> 730 | N23: =M23-NOW() -> -45491.501 | O23: =IF(N23<=16,"NO CUMPLE",IF(N23>=16,"VIGENTE")) -> NO CUMPLE | Q23: =P23+730 -> 730 | R23: =Q23-NOW() -> -45491.501 | S23: =IF(R23<=16,"NO CUMPLE",IF(R23>=16,"VIGENTE")) -> NO CUMPLE | U23: =T23+730 -> 730 | V23: =U23-NOW() -> -45491.501 | W23: =IF(V23<=16,"NO CUMPLE",IF(V23>=16,"VIGENTE")) -> NO CUMPLE | X23: 4 | Y23: 3 | Z23: =COUNTIF(H23:K23,"OK") -> 0 | AA23: =COUNTIF(L23:W23,"VIGENTE") -> 0 | AB23: =Z23/X23 -> 0 | AC23: =AA23/Y23 -> 0 | AD23: =(Z23+AA23)/7 -> 0
C24: =LOOKUP(F24,BD!C:C,BD!A:A) -> #N/A | D24: =LOOKUP(F24,BD!C:C,BD!B:B) -> #N/A | G24: =LOOKUP(F24,BD!C:C,BD!D:D) -> #N/A | M24: =L24+730 -> 730 | N24: =M24-NOW() -> -45491.501 | O24: =IF(N24<=16,"NO CUMPLE",IF(N24>=16,"VIGENTE")) -> NO CUMPLE | Q24: =P24+730 -> 730 | R24: =Q24-NOW() -> -45491.501 | S24: =IF(R24<=16,"NO CUMPLE",IF(R24>=16,"VIGENTE")) -> NO CUMPLE | U24: =T24+730 -> 730 | V24: =U24-NOW() -> -45491.501 | W24: =IF(V24<=16,"NO CUMPLE",IF(V24>=16,"VIGENTE")) -> NO CUMPLE | X24: 4 | Y24: 3 | Z24: =COUNTIF(H24:K24,"OK") -> 0 | AA24: =COUNTIF(L24:W24,"VIGENTE") -> 0 | AB24: =Z24/X24 -> 0 | AC24: =AA24/Y24 -> 0 | AD24: =(Z24+AA24)/7 -> 0
C25: =LOOKUP(F25,BD!C:C,BD!A:A) -> #N/A | D25: =LOOKUP(F25,BD!C:C,BD!B:B) -> #N/A | G25: =LOOKUP(F25,BD!C:C,BD!D:D) -> #N/A | M25: =L25+730 -> 730 | N25: =M25-NOW() -> -45491.501 | O25: =IF(N25<=16,"NO CUMPLE",IF(N25>=16,"VIGENTE")) -> NO CUMPLE | Q25: =P25+730 -> 730 | R25: =Q25-NOW() -> -45491.501 | S25: =IF(R25<=16,"NO CUMPLE",IF(R25>=16,"VIGENTE")) -> NO CUMPLE | U25: =T25+730 -> 730 | V25: =U25-NOW() -> -45491.501 | W25: =IF(V25<=16,"NO CUMPLE",IF(V25>=16,"VIGENTE")) -> NO CUMPLE | X25: 4 | Y25: 3 | Z25: =COUNTIF(H25:K25,"OK") -> 0 | AA25: =COUNTIF(L25:W25,"VIGENTE") -> 0 | AB25: =Z25/X25 -> 0 | AC25: =AA25/Y25 -> 0 | AD25: =(Z25+AA25)/7 -> 0
C26: =LOOKUP(F26,BD!C:C,BD!A:A) -> #N/A | D26: =LOOKUP(F26,BD!C:C,BD!B:B) -> #N/A | G26: =LOOKUP(F26,BD!C:C,BD!D:D) -> #N/A | M26: =L26+730 -> 730 | N26: =M26-NOW() -> -45491.501 | O26: =IF(N26<=16,"NO CUMPLE",IF(N26>=16,"VIGENTE")) -> NO CUMPLE | Q26: =P26+730 -> 730 | R26: =Q26-NOW() -> -45491.501 | S26: =IF(R26<=16,"NO CUMPLE",IF(R26>=16,"VIGENTE")) -> NO CUMPLE | U26: =T26+730 -> 730 | V26: =U26-NOW() -> -45491.501 | W26: =IF(V26<=16,"NO CUMPLE",IF(V26>=16,"VIGENTE")) -> NO CUMPLE | X26: 4 | Y26: 3 | Z26: =COUNTIF(H26:K26,"OK") -> 0 | AA26: =COUNTIF(L26:W26,"VIGENTE") -> 0 | AB26: =Z26/X26 -> 0 | AC26: =AA26/Y26 -> 0 | AD26: =(Z26+AA26)/7 -> 0
C27: =LOOKUP(F27,BD!C:C,BD!A:A) -> #N/A | D27: =LOOKUP(F27,BD!C:C,BD!B:B) -> #N/A | G27: =LOOKUP(F27,BD!C:C,BD!D:D) -> #N/A | M27: =L27+730 -> 730 | N27: =M27-NOW() -> -45491.501 | O27: =IF(N27<=16,"NO CUMPLE",IF(N27>=16,"VIGENTE")) -> NO CUMPLE | Q27: =P27+730 -> 730 | R27: =Q27-NOW() -> -45491.501 | S27: =IF(R27<=16,"NO CUMPLE",IF(R27>=16,"VIGENTE")) -> NO CUMPLE | U27: =T27+730 -> 730 | V27: =U27-NOW() -> -45491.501 | W27: =IF(V27<=16,"NO CUMPLE",IF(V27>=16,"VIGENTE")) -> NO CUMPLE | X27: 4 | Y27: 3 | Z27: =COUNTIF(H27:K27,"OK") -> 0 | AA27: =COUNTIF(L27:W27,"VIGENTE") -> 0 | AB27: =Z27/X27 -> 0 | AC27: =AA27/Y27 -> 0 | AD27: =(Z27+AA27)/7 -> 0
C28: =LOOKUP(F28,BD!C:C,BD!A:A) -> #N/A | D28: =LOOKUP(F28,BD!C:C,BD!B:B) -> #N/A | G28: =LOOKUP(F28,BD!C:C,BD!D:D) -> #N/A | M28: =L28+730 -> 730 | N28: =M28-NOW() -> -45491.501 | O28: =IF(N28<=16,"NO CUMPLE",IF(N28>=16,"VIGENTE")) -> NO CUMPLE | Q28: =P28+730 -> 730 | R28: =Q28-NOW() -> -45491.501 | S28: =IF(R28<=16,"NO CUMPLE",IF(R28>=16,"VIGENTE")) -> NO CUMPLE | U28: =T28+730 -> 730 | V28: =U28-NOW() -> -45491.501 | W28: =IF(V28<=16,"NO CUMPLE",IF(V28>=16,"VIGENTE")) -> NO CUMPLE | X28: 4 | Y28: 3 | Z28: =COUNTIF(H28:K28,"OK") -> 0 | AA28: =COUNTIF(L28:W28,"VIGENTE") -> 0 | AB28: =Z28/X28 -> 0 | AC28: =AA28/Y28 -> 0 | AD28: =(Z28+AA28)/7 -> 0
C29: =LOOKUP(F29,BD!C:C,BD!A:A) -> #N/A | D29: =LOOKUP(F29,BD!C:C,BD!B:B) -> #N/A | G29: =LOOKUP(F29,BD!C:C,BD!D:D) -> #N/A | M29: =L29+730 -> 730 | N29: =M29-NOW() -> -45491.501 | O29: =IF(N29<=16,"NO CUMPLE",IF(N29>=16,"VIGENTE")) -> NO CUMPLE | Q29: =P29+730 -> 730 | R29: =Q29-NOW() -> -45491.501 | S29: =IF(R29<=16,"NO CUMPLE",IF(R29>=16,"VIGENTE")) -> NO CUMPLE | U29: =T29+730 -> 730 | V29: =U29-NOW() -> -45491.501 | W29: =IF(V29<=16,"NO CUMPLE",IF(V29>=16,"VIGENTE")) -> NO CUMPLE | X29: 4 | Y29: 3 | Z29: =COUNTIF(H29:K29,"OK") -> 0 | AA29: =COUNTIF(L29:W29,"VIGENTE") -> 0 | AB29: =Z29/X29 -> 0 | AC29: =AA29/Y29 -> 0 | AD29: =(Z29+AA29)/7 -> 0
C30: =LOOKUP(F30,BD!C:C,BD!A:A) -> #N/A | D30: =LOOKUP(F30,BD!C:C,BD!B:B) -> #N/A | G30: =LOOKUP(F30,BD!C:C,BD!D:D) -> #N/A | M30: =L30+730 -> 730 | N30: =M30-NOW() -> -45491.501 | O30: =IF(N30<=16,"NO CUMPLE",IF(N30>=16,"VIGENTE")) -> NO CUMPLE | Q30: =P30+730 -> 730 | R30: =Q30-NOW() -> -45491.501 | S30: =IF(R30<=16,"NO CUMPLE",IF(R30>=16,"VIGENTE")) -> NO CUMPLE | U30: =T30+730 -> 730 | V30: =U30-NOW() -> -45491.501 | W30: =IF(V30<=16,"NO CUMPLE",IF(V30>=16,"VIGENTE")) -> NO CUMPLE | X30: 4 | Y30: 3 | Z30: =COUNTIF(H30:K30,"OK") -> 0 | AA30: =COUNTIF(L30:W30,"VIGENTE") -> 0 | AB30: =Z30/X30 -> 0 | AC30: =AA30/Y30 -> 0 | AD30: =(Z30+AA30)/7 -> 0
C31: =LOOKUP(F31,BD!C:C,BD!A:A) -> #N/A | D31: =LOOKUP(F31,BD!C:C,BD!B:B) -> #N/A | G31: =LOOKUP(F31,BD!C:C,BD!D:D) -> #N/A | M31: =L31+730 -> 730 | N31: =M31-NOW() -> -45491.501 | O31: =IF(N31<=16,"NO CUMPLE",IF(N31>=16,"VIGENTE")) -> NO CUMPLE | Q31: =P31+730 -> 730 | R31: =Q31-NOW() -> -45491.501 | S31: =IF(R31<=16,"NO CUMPLE",IF(R31>=16,"VIGENTE")) -> NO CUMPLE | U31: =T31+730 -> 730 | V31: =U31-NOW() -> -45491.501 | W31: =IF(V31<=16,"NO CUMPLE",IF(V31>=16,"VIGENTE")) -> NO CUMPLE | X31: 4 | Y31: 3 | Z31: =COUNTIF(H31:K31,"OK") -> 0 | AA31: =COUNTIF(L31:W31,"VIGENTE") -> 0 | AB31: =Z31/X31 -> 0 | AC31: =AA31/Y31 -> 0 | AD31: =(Z31+AA31)/7 -> 0
C32: =LOOKUP(F32,BD!C:C,BD!A:A) -> #N/A | D32: =LOOKUP(F32,BD!C:C,BD!B:B) -> #N/A | G32: =LOOKUP(F32,BD!C:C,BD!D:D) -> #N/A | M32: =L32+730 -> 730 | N32: =M32-NOW() -> -45491.501 | O32: =IF(N32<=16,"NO CUMPLE",IF(N32>=16,"VIGENTE")) -> NO CUMPLE | Q32: =P32+730 -> 730 | R32: =Q32-NOW() -> -45491.501 | S32: =IF(R32<=16,"NO CUMPLE",IF(R32>=16,"VIGENTE")) -> NO CUMPLE | U32: =T32+730 -> 730 | V32: =U32-NOW() -> -45491.501 | W32: =IF(V32<=16,"NO CUMPLE",IF(V32>=16,"VIGENTE")) -> NO CUMPLE | X32: 4 | Y32: 3 | Z32: =COUNTIF(H32:K32,"OK") -> 0 | AA32: =COUNTIF(L32:W32,"VIGENTE") -> 0 | AB32: =Z32/X32 -> 0 | AC32: =AA32/Y32 -> 0 | AD32: =(Z32+AA32)/7 -> 0
C33: =LOOKUP(F33,BD!C:C,BD!A:A) -> #N/A | D33: =LOOKUP(F33,BD!C:C,BD!B:B) -> #N/A | G33: =LOOKUP(F33,BD!C:C,BD!D:D) -> #N/A | M33: =L33+730 -> 730 | N33: =M33-NOW() -> -45491.501 | O33: =IF(N33<=16,"NO CUMPLE",IF(N33>=16,"VIGENTE")) -> NO CUMPLE | Q33: =P33+730 -> 730 | R33: =Q33-NOW() -> -45491.501 | S33: =IF(R33<=16,"NO CUMPLE",IF(R33>=16,"VIGENTE")) -> NO CUMPLE | U33: =T33+730 -> 730 | V33: =U33-NOW() -> -45491.501 | W33: =IF(V33<=16,"NO CUMPLE",IF(V33>=16,"VIGENTE")) -> NO CUMPLE | X33: 4 | Y33: 3 | Z33: =COUNTIF(H33:K33,"OK") -> 0 | AA33: =COUNTIF(L33:W33,"VIGENTE") -> 0 | AB33: =Z33/X33 -> 0 | AC33: =AA33/Y33 -> 0 | AD33: =(Z33+AA33)/7 -> 0
C34: =LOOKUP(F34,BD!C:C,BD!A:A) -> #N/A | D34: =LOOKUP(F34,BD!C:C,BD!B:B) -> #N/A | G34: =LOOKUP(F34,BD!C:C,BD!D:D) -> #N/A | M34: =L34+730 -> 730 | N34: =M34-NOW() -> -45491.501 | O34: =IF(N34<=16,"NO CUMPLE",IF(N34>=16,"VIGENTE")) -> NO CUMPLE | Q34: =P34+730 -> 730 | R34: =Q34-NOW() -> -45491.501 | S34: =IF(R34<=16,"NO CUMPLE",IF(R34>=16,"VIGENTE")) -> NO CUMPLE | U34: =T34+730 -> 730 | V34: =U34-NOW() -> -45491.501 | W34: =IF(V34<=16,"NO CUMPLE",IF(V34>=16,"VIGENTE")) -> NO CUMPLE | X34: 4 | Y34: 3 | Z34: =COUNTIF(H34:K34,"OK") -> 0 | AA34: =COUNTIF(L34:W34,"VIGENTE") -> 0 | AB34: =Z34/X34 -> 0 | AC34: =AA34/Y34 -> 0 | AD34: =(Z34+AA34)/7 -> 0
... C166: =LOOKUP(F166,BD!C:C,BD!A:A) -> #N/A | D166: =LOOKUP(F166,BD!C:C,BD!B:B) -> #N/A | G166: =LOOKUP(F166,BD!C:C,BD!D:D) -> #N/A | M166: =L166+730 -> 730 | N166: =M166-NOW() -> -45491.501 | O166: =IF(N166<=16,"NO CUMPLE",IF(N166>=16,"VIGENTE")) -> NO CUMPLE | Q166: =P166+730 -> 730 | R166: =Q166-NOW() -> -45491.501 | S166: =IF(R166<=16,"NO CUMPLE",IF(R166>=16,"VIGENTE")) -> NO CUMPLE | U166: =T166+730 -> 730 | V166: =U166-NOW() -> -45491.501 | W166: =IF(V166<=16,"NO CUMPLE",IF(V166>=16,"VIGENTE")) -> NO CUMPLE | X166: 4 | Y166: 3 | Z166: =COUNTIF(H166:K166,"OK") -> 0 | AA166: =COUNTIF(L166:W166,"VIGENTE") -> 0 | AB166: =Z166/X166 -> 0 | AC166: =AA166/Y166 -> 0 | AD166: =(Z166+AA166)/7 -> 0

Sheet BD
A1: NOMBRES | B1: APELLIDOS | C1: NÚMERO DE IDENTIFICACIÓN | D1: REGISTRO
A2: ANDRES FELIPE | B2: OSORIO BUSTAMANTE | C2: 3378920
A3: JOSE MIGUEL | B3: FERNANDEZ LANDAETA | C3: 4675021 | D3: 25060177953
A4: SAMUEL DAVID | B4: CASTILLO CASTELLANOS | C4: 7533411 | D4: 24060018911
A5: LUIS EDUARDO | B5: RUEDA MURILLO | C5: 15490976
A6: IVAN DARIO | B6: VIEIRA PALACIO | C6: 15665121 | D6: -
A7: NEDIS MARIA | B7: SANCHEZ PEREZ | C7: 30687786 | D7: 2322913
A8: LUCIEL | B8: ZAPATA ARBOLEDA | C8: 32183280 | D8: 5053914
A9: NATALIA CAROLINA | B9: MEJÍA | C9: 32258110 | D9: 25060163402
A10: MARIBEL | B10: MARTINEZ MADRIGAL | C10: 37579675 | D10: 6273
A11: ZAYDA JOHANA | B11: RODRIGUEZ DE LUQUE | C11: 39176010 | D11: 5053909
A12: SORANY MARIA | B12: CARDENAS GOMEZ | C12: 43102696 | D12: 4178
A13: MARISOL | B13: JIMENEZ ARIAS | C13: 43155821 | D13: 5341401
A14: GLORIA MILENA | B14: VALENCIA MARIN | C14: 43169356 | D14: 5670611
A15: DIANA MILENA | B15: ZEA VELASQUEZ | C15: 43209905 | D15: 5067220
A16: ISABEL CRISTINA | B16: POSSO BALDOVINO | C16: 43269224 | D16: 25060180506
A17: LINA MARCELA | B17: RESTREPO MONTAÑO | C17: 43272593 | D17: 5639416 | I17: OK
A18: MARIA SALOME | B18: VALENCIA LUNA | C18: 43555911 | D18: - | I18: PENDIENTE
A19: PALAY | B19: PELAEZ RAMIREZ | C19: 43606925 | D19: 481
A20: ANGELA MARIA | B20: OLARTE SEPULVEDA | C20: 43607099 | D20: 360
A21: NANCY CRISTINA | B21: MONSALVE | C21: 43623145 | D21: 60018289
A22: SANDRA EUGENIA | B22: VIEIRA MONTOYA | C22: 43750392 | D22: 5286001
A23: SANDRA MILENA | B23: FERNANDEZ CORTES | C23: 43754698 | D23: 5132202
A24: MARGARITA MARIA | B24: PALACIO BERRIO | C24: 43915171 | D24: 5782922
A25: CAROLINA | B25: SAAVEDRA PEREA | C25: 43921771 | D25: 5698423
A26: LILIANA LINETH | B26: RODRIGUEZ MARTINEZ | C26: 49789412 | D26: 584
A27: ANDREA | B27: FONSECA FLOREZ | C27: 52285356 | D27: 255312
A28: PAOLA | B28: ACEVEDO PABON | C28: 53037574 | D28: 8927
A29: MAYELBE | B29: GOMEZ PIAMONTE | C29: 63492218 | D29: 5702722
A30: JUAN CARLOS | B30: CARO GIL | C30: 71220062 | D30: 5329322
A31: JHON ALEXANDER | B31: TUBERQUIA HENAO | C31: 71221040 | D31: 5313409
A32: JORGE ABAD | B32: MARIN MARIN | C32: 71531476 | D32: -
A33: SAMUEL | B33: DIAZ CAMARGO | C33: 71587271
A34: OSCAR EMILIO | B34: CASTAÑO GOMEZ | C34: 71708637 | D34: COND
A35: JOSE NOLBERTO | B35: GRAJALES CORREA | C35: 71777291 | D35: -
A36: FREDY HERNANDO | B36: ORTEGON BERMUDEZ | C36: 93131001 | D36: 1560
A37: OLMER ANTONIO | B37: TANGARIFE HIGUITA | C37: 98540523 | D37: 5347011
A38: DUBARIEL DE JESUS | B38: SANCHEZ PARRA | C38: 98558130 | D38: -
A39: JOSE ANIBAL | B39: VILLADA MORALES | C39: 98595642 | D39: -
A40: JOHN EDISON | B40: ESPINAL CORREA | C40: 98712282 | D40: 5221320
A41: JEYKSON | B41: BETANCUR MARIN | C41: 98714960 | D41: 25061010963
A42: ANDRES FELIPE | B42: GAVIRIA BUSTAMANTE | C42: 98762700 | D42: 5637517
A43: VALERIA | B43: MEJIA BARRIWENTOS | C43: 1000084325
A44: LICETH CAROLINA | B44: MATIZ VALENCIA | C44: 1000085342 | D44: 25060175611
A45: ELKIN DARIO | B45: CORREA HENAO | C45: 1000087505 | D45: -
A46: MANUELA | B46: QUINTERO GONZALEZ | C46: 1000088364 | D46: 5453522
A47: ANGELIN | B47: GAVIRIA VANEGAS | C47: 1000099681 | D47: -
A48: JUAN JOSE | B48: DUARTE PEREZ | C48: 1000100963 | D48: 25060949136
A49: LAURA ANDREA | B49: LLANO CANO | C49: 1000190302 | D49: 5649121
A50: MARIANA | B50: PATIÑO BEDOYA | C50: 1000191310 | D50: -
A51: CRISTIAN FELIPE | B51: ALVAREZ MALDONADO | C51: 1000204371 | D51: 26060001495
A52: JUAN DANIEL | B52: ARENAS MAZO | C52: 1000207603 | D52: 5230721
A53: SARA | B53: HERNADEZ GRISALES | C53: 1000207860 | D53: 25060179513
A54: LISSETH ANDREA | B54: HOLGUIN BARRIENTOS | C54: 1000207920 | D54: 24060080553
A55: NHYKOLL | B55: ATEHORTUA CATAÑO | C55: 1000289968 | D55: 5100220
A56: MARIA ISABEL | B56: PEREZ PATIÑO | C56: 1000294604
A57: MARIA CAMILA | B57: MOLINA MUÑETON | C57: 1000294675 | D57: -
A58: CAROLINA | B58: OCAMPO GONZALEZ | C58: 1000295495 | D58: 5323423
A59: SARA PAOLA | B59: GIRALDO VALENCIA | C59: 1000305851 | D59: 5022623
A60: JUAN PABLO | B60: MARTINEZ CARDONA | C60: 1000393168 | D60: 5482419
A61: ELIZABETH | B61: GALEANO GUERRERO | C61: 1000395063 | D61: 5371218
A62: KATTY JULIETH | B62: SEPULVEDA HERNANDEZ | C62: 1000399389 | D62: 5679823
A63: KAREN TATIANA | B63: ARBOLEDA AGUDELO | C63: 1000400004 | D63: 25060172563
A64: KEVIN ALBERTO | B64: GUIRALES ARENAS | C64: 1000402259
A65: LIBARDO ALEXIS | B65: LIDUEÑAS MANCO | C65: 1000438549 | D65: 5656918
A66: ANA MARIA | B66: PEREZ NOREÑA | C66: 1000444716 | D66: -
A67: YESICA TATIANA | B67: DIOSA FLOREZ | C67: 1000453426 | D67: 5047022
A68: SARA | B68: CASTRO CARDONA | C68: 1000534222 | D68: -
A69: KATERINE | B69: MUÑOZ CORREA | C69: 1000535955 | D69: 24060076966
A70: MARIA CAMILA | B70: CASTAÑO FLOREZ | C70: 1000537543
A71: LAURA | B71: RIVERA GOMEZ | C71: 1000547492 | D71: -
A72: JUAN PABLO | B72: AREIZA BUSTAMANTE | C72: 1000548592 | D72: 25060179510
A73: MARIA FERNANDA | B73: MONTAÑEZ GIRALDO | C73: 1000549072 | D73: 25060444779
A74: VANESSA | B74: RAMIREZ SEPULVEDA | C74: 1000567127 | D74: 5362720
A75: JUAN PABLO | B75: OCAMPO QUIROZ | C75: 1000570845
A76: LAURA MARIA | B76: PANTOJA MEJIA | C76: 1000602970 | D76: 5426423
A77: CAMILA | B77: SERNA VALLEJO | C77: 1000634654 | D77: 5437419
A78: MARIA JOSE | B78: MUÑOZ GALLO | C78: 1000636778 | D78: 25061556351
A79: JUAN PABLO | B79: GOMEZ ARANGO | C79: 1000662023 | D79: -
A80: MARIA LIZETH | B80: AGUIRRE GOMEZ | C80: 1000662143 | D80: 5021322
A81: FRANCK NIKOLAS | B81: RODRIGUEZ OLIVEROS | C81: 1000748597 | D81: 2024060021228
A82: ANA MARIA | B82: ARENAS CAÑAS | C82: 1000756090 | D82: 5645223
A83: JUAN FELIPE | B83: SEPULVEDA MEJIA | C83: 1000757751 | D83: 5262423
A84: LAURA CAMILA | B84: CABRERA LEZCANO | C84: 1000772163 | D84: 24060080438
A85: KELLY JULIANA | B85: BETANCUR PATIÑO | C85: 1000869610 | D85: 5901923
A86: VALENTINA | B86: VILLALOBOS PEÑA | C86: 1000871364 | D86: 26060002600
A87: VALENTINA | B87: BENITEZ BOTERO | C87: 1000874319 | D87: -
A88: MIGUEL ANGEL | B88: CAMPILLO ATEHORTUA | C88: 1000898470 | D88: 5122123
A89: YERLYN | B89: VELEZ DUQUE | C89: 1000899076 | D89: 5011823
A90: ISMAEL | B90: MONTOYA DURANGO | C90: 1000899444
A91: MARIA CAMILA | B91: ORTEGA PARRA | C91: 1000901892 | D91: 5232723
A92: JUAN JOSÉ | B92: NARANJO CALDERÓN | C92: 1000902161 | D92: 26060002085
A93: MELISSA | B93: HIDALGO AVENDAÑO | C93: 1000902733 | D93: 5096521
A94: MARIANA | B94: DIAZ AGUIRRE | C94: 1000902815 | D94: 5333823
A95: VALENTINA | B95: CARUPIA NARANJO | C95: 1001014661 | D95: 24060241277
A96: DIANA SOFIA | B96: URIBE CHAVARRIA | C96: 1001015706
A97: OMAR ALEXANDER | B97: GOMEZ DORADO | C97: 1001082959
A98: MATEO | B98: HEREDIA VASQUEZ | C98: 1001153638 | D98: 25060171422
A99: XIMENA ESTEFANIA | B99: MISAS MONTOYA | C99: 1001161389 | D99: -
A100: LAURA TATIANA | B100: TABARES RAMIREZ | C100: 1001229476 | D100: 24060431136
...
