Workbook

Sheet HOJA 1
A1: Recurso humano dispuesto para la atención prehospitalaria
A4: Evento | C4: Hora inicio PCU | D4: Hora apertura de puertas | E4: Hora Inicio Evento
A5: SUPER CONCIERTO FERIA DE LAS FLORES
A6: Fecha del evento | C6: Hora finalización Evento | D6: Hora finalización PCU | E6: Tipo Evento
A7: 46242
A9: Representante del Grupo de Socorro en el PCU | C9: IVAN DARIO VIEIRA PALACIO
A10: Coordinador del Grupo de Socorro en terreno | C10: DANIEL SERNA SUESCUN
A11: Hora llegada dispositivo APH | D11: Hora retiro dispositivo APH
A12: Cantidad del recurso humano presentado por el grupo de Socorro | D12: Cantidad ambulancias y tipo para evento
A13: Total de asistentes al evento | D13: Total de pacientes atendidos y/o traladados
A15: PUESTO DE PRIMEROS AUXILIOS NORTE
A16: No. | B16: Nombre | C16: Cédula | D16: Perfil | E16: Registro
A17: 1 | B17: =LOOKUP('HOJA 1'!C17,Hoja4!B:B,Hoja4!A:A) -> ANGELIN GAVIRIA VANEGAS | C17: 1000099681 | D17: =LOOKUP(C17,Hoja4!B:B,Hoja4!D:D) -> APH | E17: =LOOKUP('HOJA 1'!C17,Hoja4!B:B,Hoja4!C:C) -> 25060173755
A18: 2 | B18: =LOOKUP('HOJA 1'!C18,Hoja4!B:B,Hoja4!A:A) -> ANDREA ORTIZ PEREZ | C18: 1037662578 | D18: =LOOKUP(C18,Hoja4!B:B,Hoja4!D:D) -> AUXILIAR EN ENFERMERIA | E18: =LOOKUP('HOJA 1'!C18,Hoja4!B:B,Hoja4!C:C) -> 5422227
A19: 3 | B19: =LOOKUP('HOJA 1'!C19,Hoja4!B:B,Hoja4!A:A) -> MARISOL JIMENEZ ARIAS | C19: 43155821 | D19: =LOOKUP(C19,Hoja4!B:B,Hoja4!D:D) -> MEDICO | E19: =LOOKUP('HOJA 1'!C19,Hoja4!B:B,Hoja4!C:C) -> 3414
A20: 4 | B20: =LOOKUP('HOJA 1'!C20,Hoja4!B:B,Hoja4!A:A) -> #N/A | D20: =LOOKUP(C20,Hoja4!B:B,Hoja4!D:D) -> #N/A | E20: =LOOKUP('HOJA 1'!C20,Hoja4!B:B,Hoja4!C:C) -> #N/A
A21: 5 | B21: =LOOKUP('HOJA 1'!C21,Hoja4!B:B,Hoja4!A:A) -> #N/A | D21: =LOOKUP(C21,Hoja4!B:B,Hoja4!D:D) -> #N/A | E21: =LOOKUP('HOJA 1'!C21,Hoja4!B:B,Hoja4!C:C) -> #N/A
A23: PUESTO DE PRIMEROS AUXILIOS SUR
A24: No. | B24: Nombre | C24: Cédula | D24: Perfil | E24: Registro
A25: 1 | B25: =LOOKUP('HOJA 1'!C25,Hoja4!B:B,Hoja4!A:A) -> #N/A | D25: =LOOKUP(C25,Hoja4!B:B,Hoja4!D:D) -> #N/A | E25: =LOOKUP('HOJA 1'!C25,Hoja4!B:B,Hoja4!C:C) -> #N/A
A26: 2 | B26: =LOOKUP('HOJA 1'!C26,Hoja4!B:B,Hoja4!A:A) -> #N/A | D26: =LOOKUP(C26,Hoja4!B:B,Hoja4!D:D) -> #N/A | E26: =LOOKUP('HOJA 1'!C26,Hoja4!B:B,Hoja4!C:C) -> #N/A
A27: 3 | B27: =LOOKUP('HOJA 1'!C27,Hoja4!B:B,Hoja4!A:A) -> #N/A | D27: =LOOKUP(C27,Hoja4!B:B,Hoja4!D:D) -> #N/A | E27: =LOOKUP('HOJA 1'!C27,Hoja4!B:B,Hoja4!C:C) -> #N/A
A28: 4 | B28: =LOOKUP('HOJA 1'!C28,Hoja4!B:B,Hoja4!A:A) -> #N/A | D28: =LOOKUP(C28,Hoja4!B:B,Hoja4!D:D) -> #N/A | E28: =LOOKUP('HOJA 1'!C28,Hoja4!B:B,Hoja4!C:C) -> #N/A
A29: 5 | B29: =LOOKUP('HOJA 1'!C29,Hoja4!B:B,Hoja4!A:A) -> #N/A | D29: =LOOKUP(C29,Hoja4!B:B,Hoja4!D:D) -> #N/A | E29: =LOOKUP('HOJA 1'!C29,Hoja4!B:B,Hoja4!C:C) -> #N/A
A31: PUESTO DE PRIMEROS AUXILIOS ORIENTAL
A32: No. | B32: Nombre | C32: Cédula | D32: Perfil | E32: Registro
A33: 1 | B33: =LOOKUP('HOJA 1'!C33,Hoja4!B:B,Hoja4!A:A) -> MARYORI ALEJANDRA FRANCO RIOS | C33: 1036674174 | D33: =LOOKUP(C33,Hoja4!B:B,Hoja4!D:D) -> AUXILIAR EN ENFERMERIA | E33: =LOOKUP('HOJA 1'!C33,Hoja4!B:B,Hoja4!C:C) -> 5447719
A34: 2 | B34: =LOOKUP('HOJA 1'!C34,Hoja4!B:B,Hoja4!A:A) -> ORIANA MARIA DAVID MARULANDA | C34: 1038334858 | D34: =LOOKUP(C34,Hoja4!B:B,Hoja4!D:D) -> AUXILIAR EN ENFERMERIA | E34: =LOOKUP('HOJA 1'!C34,Hoja4!B:B,Hoja4!C:C) -> 5797015
A35: 3 | B35: =LOOKUP('HOJA 1'!C35,Hoja4!B:B,Hoja4!A:A) -> VALERY CORTES SOSA | C35: 1001228414 | D35: =LOOKUP(C35,Hoja4!B:B,Hoja4!D:D) -> ESTUDIANTE | E35: =LOOKUP('HOJA 1'!C35,Hoja4!B:B,Hoja4!C:C) -> -
A36: 4 | B36: =LOOKUP('HOJA 1'!C36,Hoja4!B:B,Hoja4!A:A) -> #N/A | D36: =LOOKUP(C36,Hoja4!B:B,Hoja4!D:D) -> #N/A | E36: =LOOKUP('HOJA 1'!C36,Hoja4!B:B,Hoja4!C:C) -> #N/A
A37: 5 | B37: =LOOKUP('HOJA 1'!C37,Hoja4!B:B,Hoja4!A:A) -> #N/A | D37: =LOOKUP(C37,Hoja4!B:B,Hoja4!D:D) -> #N/A | E37: =LOOKUP('HOJA 1'!C37,Hoja4!B:B,Hoja4!C:C) -> #N/A
A39: PUESTO DE PRIMEROS AUXILIOS OCCIDENTAL
A40: No. | B40: Nombre | C40: Cédula | D40: Perfil | E40: Registro
A41: 1 | B41: =LOOKUP('HOJA 1'!C41,Hoja4!B:B,Hoja4!A:A) -> MARIA CAMILA SANCHEZ SANCHEZ | C41: 1017273119 | D41: =LOOKUP(C41,Hoja4!B:B,Hoja4!D:D) -> AUXILIAR EN ENFERMERIA | E41: =LOOKUP('HOJA 1'!C41,Hoja4!B:B,Hoja4!C:C) -> 5652818
A42: 2 | B42: =LOOKUP('HOJA 1'!C42,Hoja4!B:B,Hoja4!A:A) -> MARIA ALEJANDRA RINCON LOPEZ | C42: 1004367322 | D42: =LOOKUP(C42,Hoja4!B:B,Hoja4!D:D) -> ESTUDIANTE | E42: =LOOKUP('HOJA 1'!C42,Hoja4!B:B,Hoja4!C:C) -> -
A43: 3 | B43: =LOOKUP('HOJA 1'!C43,Hoja4!B:B,Hoja4!A:A) -> JULIANA CADAVID OSSA | C43: 1017182984 | D43: =LOOKUP(C43,Hoja4!B:B,Hoja4!D:D) -> ESTUDIANTE | E43: =LOOKUP('HOJA 1'!C43,Hoja4!B:B,Hoja4!C:C) -> 0
A44: 4 | B44: =LOOKUP('HOJA 1'!C44,Hoja4!B:B,Hoja4!A:A) -> #N/A | D44: =LOOKUP(C44,Hoja4!B:B,Hoja4!D:D) -> #N/A | E44: =LOOKUP('HOJA 1'!C44,Hoja4!B:B,Hoja4!C:C) -> #N/A
A45: 5 | B45: =LOOKUP('HOJA 1'!C45,Hoja4!B:B,Hoja4!A:A) -> #N/A | D45: =LOOKUP(C45,Hoja4!B:B,Hoja4!D:D) -> #N/A | E45: =LOOKUP('HOJA 1'!C45,Hoja4!B:B,Hoja4!C:C) -> #N/A
A47: EQUIPO DE INTERVENCION - 1 NORTE ALTA
A48: No. | B48: Nombre | C48: Cédula | D48: Perfil | E48: Registro
A49: 1 | B49: =LOOKUP('HOJA 1'!C49,Hoja4!B:B,Hoja4!A:A) -> LAURA DIAZ FRANCO | C49: 1011510860 | D49: =LOOKUP(C49,Hoja4!B:B,Hoja4!D:D) -> ESTUDIANTE | E49: =LOOKUP('HOJA 1'!C49,Hoja4!B:B,Hoja4!C:C) -> -
A50: 2 | B50: =LOOKUP('HOJA 1'!C50,Hoja4!B:B,Hoja4!A:A) -> EDWAR MAURICIO BORJA USUGA | C50: 1038803821 | D50: =LOOKUP(C50,Hoja4!B:B,Hoja4!D:D) -> AUXILIAR EN ENFERMERIA | E50: =LOOKUP('HOJA 1'!C50,Hoja4!B:B,Hoja4!C:C) -> 8058
A51: 3 | B51: =LOOKUP('HOJA 1'!C51,Hoja4!B:B,Hoja4!A:A) -> DEISY CUADRADO HERNANEZ | C51: 1194405964 | D51: =LOOKUP(C51,Hoja4!B:B,Hoja4!D:D) -> ESTUDIANTE | E51: =LOOKUP('HOJA 1'!C51,Hoja4!B:B,Hoja4!C:C) -> -
A52: 4 | B52: =LOOKUP('HOJA 1'!C52,Hoja4!B:B,Hoja4!A:A) -> MATEO JARAMILLO DUQUE | C52: 1001016088 | D52: =LOOKUP(C52,Hoja4!B:B,Hoja4!D:D) -> ESTUDIANTE | E52: =LOOKUP('HOJA 1'!C52,Hoja4!B:B,Hoja4!C:C) -> -
A53: 5 | B53: =LOOKUP('HOJA 1'!C53,Hoja4!B:B,Hoja4!A:A) -> #N/A | D53: =LOOKUP(C53,Hoja4!B:B,Hoja4!D:D) -> #N/A | E53: =LOOKUP('HOJA 1'!C53,Hoja4!B:B,Hoja4!C:C) -> #N/A
A55: EQUIPO DE INTERVENCION - 2 NORTE BAJA
A56: No. | B56: Nombre | C56: Cédula | D56: Perfil | E56: Registro
A57: 1 | B57: =LOOKUP('HOJA 1'!C57,Hoja4!B:B,Hoja4!A:A) -> JOSE MIGUEL FERNANDEZ LANDAETA | C57: 4675021 | D57: =LOOKUP(C57,Hoja4!B:B,Hoja4!D:D) -> AUXILIAR EN ENFERMERIA | E57: =LOOKUP('HOJA 1'!C57,Hoja4!B:B,Hoja4!C:C) -> 25060177953
A58: 2 | B58: =LOOKUP('HOJA 1'!C58,Hoja4!B:B,Hoja4!A:A) -> SARA LICETH DIN GULFO | C58: 1193344423 | D58: =LOOKUP(C58,Hoja4!B:B,Hoja4!D:D) -> ESTUDIANTE | E58: =LOOKUP('HOJA 1'!C58,Hoja4!B:B,Hoja4!C:C) -> -
A59: 3 | B59: =LOOKUP('HOJA 1'!C59,Hoja4!B:B,Hoja4!A:A) -> JANETH MILENA MORENO SARRAZOLA | C59: 1128268110 | D59: =LOOKUP(C59,Hoja4!B:B,Hoja4!D:D) -> ESTUDIANTE | E59: =LOOKUP('HOJA 1'!C59,Hoja4!B:B,Hoja4!C:C) -> 0
A60: 4 | B60: =LOOKUP('HOJA 1'!C60,Hoja4!B:B,Hoja4!A:A) -> MATEO ALZATE ZORA | C60: 1000084681 | D60: =LOOKUP(C60,Hoja4!B:B,Hoja4!D:D) -> ESTUDIANTE | E60: =LOOKUP('HOJA 1'!C60,Hoja4!B:B,Hoja4!C:C) -> -
A61: 5 | B61: =LOOKUP('HOJA 1'!C61,Hoja4!B:B,Hoja4!A:A) -> #N/A | D61: =LOOKUP(C61,Hoja4!B:B,Hoja4!D:D) -> #N/A | E61: =LOOKUP('HOJA 1'!C61,Hoja4!B:B,Hoja4!C:C) -> #N/A
A63: EQUIPO DE INTERVENCION - 3 OCCIDENTAL ALTA
A64: No. | B64: Nombre | C64: Cédula | D64: Perfil | E64: Registro
A65: 1 | B65: =LOOKUP('HOJA 1'!C65,Hoja4!B:B,Hoja4!A:A) -> KEVIN LEANDRO CAICEDO IJAJID | C65: 1113669720 | D65: =LOOKUP(C65,Hoja4!B:B,Hoja4!D:D) -> AUXILIAR EN ENFERMERIA | E65: =LOOKUP('HOJA 1'!C65,Hoja4!B:B,Hoja4!C:C) -> 5264122
A66: 2 | B66: =LOOKUP('HOJA 1'!C66,Hoja4!B:B,Hoja4!A:A) -> JULIANA ACEVEDO MUÑOZ | C66: 1017239415 | D66: =LOOKUP(C66,Hoja4!B:B,Hoja4!D:D) -> AUXILIAR EN ENFERMERIA | E66: =LOOKUP('HOJA 1'!C66,Hoja4!B:B,Hoja4!C:C) -> 5449619
A67: 3 | B67: =LOOKUP('HOJA 1'!C67,Hoja4!B:B,Hoja4!A:A) -> SEBASTIAN PADILLA RESTREPO | C67: 1000764249 | D67: =LOOKUP(C67,Hoja4!B:B,Hoja4!D:D) -> ESTUDIANTE | E67: =LOOKUP('HOJA 1'!C67,Hoja4!B:B,Hoja4!C:C) -> -
A68: 4 | B68: =LOOKUP('HOJA 1'!C68,Hoja4!B:B,Hoja4!A:A) -> MARIA FERNANDA VARGAS PENAGOS | C68: 1000364018 | D68: =LOOKUP(C68,Hoja4!B:B,Hoja4!D:D) -> ESTUDIANTE | E68: =LOOKUP('HOJA 1'!C68,Hoja4!B:B,Hoja4!C:C) -> 0
A69: 5 | B69: =LOOKUP('HOJA 1'!C69,Hoja4!B:B,Hoja4!A:A) -> #N/A | D69: =LOOKUP(C69,Hoja4!B:B,Hoja4!D:D) -> #N/A | E69: =LOOKUP('HOJA 1'!C69,Hoja4!B:B,Hoja4!C:C) -> #N/A
A71: EQUIPO DE INTERVENCION - 4 OCCIDENTAL BAJA
A72: No. | B72: Nombre | C72: Cédula | D72: Perfil | E72: Registro
A73: 1 | B73: =LOOKUP('HOJA 1'!C73,Hoja4!B:B,Hoja4!A:A) -> JHON ALEXANDER LEON LOPEZ | C73: 1111538646 | D73: =LOOKUP(C73,Hoja4!B:B,Hoja4!D:D) -> ESTUDIANTE | E73: =LOOKUP('HOJA 1'!C73,Hoja4!B:B,Hoja4!C:C) -> -
A74: 2 | B74: =LOOKUP('HOJA 1'!C74,Hoja4!B:B,Hoja4!A:A) -> LUISA FERNANDA PEREZ GALLEGO | C74: 1152466377 | D74: =LOOKUP(C74,Hoja4!B:B,Hoja4!D:D) -> AUXILIAR EN ENFERMERIA | E74: =LOOKUP('HOJA 1'!C74,Hoja4!B:B,Hoja4!C:C) -> 5599419
A75: 3 | B75: =LOOKUP('HOJA 1'!C75,Hoja4!B:B,Hoja4!A:A) -> FERNEY ANDRES CARTAGENA SUCERQUIA | C75: 1015072853 | D75: =LOOKUP(C75,Hoja4!B:B,Hoja4!D:D) -> 0 | E75: =LOOKUP('HOJA 1'!C75,Hoja4!B:B,Hoja4!C:C) -> 0
A76: 4 | B76: =LOOKUP('HOJA 1'!C76,Hoja4!B:B,Hoja4!A:A) -> MIA VALERIA RODRIGUEZ GARZON | C76: 1021512838 | D76: =LOOKUP(C76,Hoja4!B:B,Hoja4!D:D) -> ESTUDIANTE | E76: =LOOKUP('HOJA 1'!C76,Hoja4!B:B,Hoja4!C:C) -> -
A77: 5 | B77: =LOOKUP('HOJA 1'!C77,Hoja4!B:B,Hoja4!A:A) -> #N/A | D77: =LOOKUP(C77,Hoja4!B:B,Hoja4!D:D) -> #N/A | E77: =LOOKUP('HOJA 1'!C77,Hoja4!B:B,Hoja4!C:C) -> #N/A
A79: EQUIPO DE INTERVENCION - 5 ORIENTAL ALTA
A80: No. | B80: Nombre | C80: Cédula | D80: Perfil | E80: Registro
A81: 1 | B81: =LOOKUP('HOJA 1'!C81,Hoja4!B:B,Hoja4!A:A) -> NEDIS MARIA SANCHEZ PEREZ | C81: 30687786 | D81: =LOOKUP(C81,Hoja4!B:B,Hoja4!D:D) -> AUXILIAR EN ENFERMERIA / SOCORRISTA | E81: =LOOKUP('HOJA 1'!C81,Hoja4!B:B,Hoja4!C:C) -> 23000229
A82: 2 | B82: =LOOKUP('HOJA 1'!C82,Hoja4!B:B,Hoja4!A:A) -> YERLYN VELEZ DUQUE | C82: 1000899076 | D82: =LOOKUP(C82,Hoja4!B:B,Hoja4!D:D) -> AUXILIAR EN ENFERMERIA | E82: =LOOKUP('HOJA 1'!C82,Hoja4!B:B,Hoja4!C:C) -> 5011823
A83: 3 | B83: =LOOKUP('HOJA 1'!C83,Hoja4!B:B,Hoja4!A:A) -> SEBASTIAN GUISAO IDARRAGA | C83: 1025644303 | D83: =LOOKUP(C83,Hoja4!B:B,Hoja4!D:D) -> ESTUDIANTE | E83: =LOOKUP('HOJA 1'!C83,Hoja4!B:B,Hoja4!C:C) -> -
A84: 4 | B84: =LOOKUP('HOJA 1'!C84,Hoja4!B:B,Hoja4!A:A) -> LUISA MARIA BARRENECHE CASTAÑEDA | C84: 1037636088 | D84: =LOOKUP(C84,Hoja4!B:B,Hoja4!D:D) -> ESTUDIANTE | E84: =LOOKUP('HOJA 1'!C84,Hoja4!B:B,Hoja4!C:C) -> 0
A85: 5 | B85: =LOOKUP('HOJA 1'!C85,Hoja4!B:B,Hoja4!A:A) -> #N/A | D85: =LOOKUP(C85,Hoja4!B:B,Hoja4!D:D) -> #N/A | E85: =LOOKUP('HOJA 1'!C85,Hoja4!B:B,Hoja4!C:C) -> #N/A
A87: EQUIPO DE INTERVENCION - 6 ORIENTAL BAJA
A88: No. | B88: Nombre | C88: Cédula | D88: Perfil | E88: Registro
A89: 1 | B89: =LOOKUP('HOJA 1'!C89,Hoja4!B:B,Hoja4!A:A) -> CLAUDIA XIMENA CASTAÑO BARRADA | C89: 1115070893 | D89: =LOOKUP(C89,Hoja4!B:B,Hoja4!D:D) -> AUXILIAR EN ENFERMERIA | E89: =LOOKUP('HOJA 1'!C89,Hoja4!B:B,Hoja4!C:C) -> 764003
A90: 2 | B90: =LOOKUP('HOJA 1'!C90,Hoja4!B:B,Hoja4!A:A) -> ESTEBAN NICOLASFUSTACARA CUBIDES | C90: 1029646734 | D90: =LOOKUP(C90,Hoja4!B:B,Hoja4!D:D) -> ESTUDIANTE | E90: =LOOKUP('HOJA 1'!C90,Hoja4!B:B,Hoja4!C:C) -> 0
A91: 3 | B91: =LOOKUP('HOJA 1'!C91,Hoja4!B:B,Hoja4!A:A) -> KELLY JOHANA MUÑOZ SANCHEZ | C91: 1126600886 | D91: =LOOKUP(C91,Hoja4!B:B,Hoja4!D:D) -> ESTUDIANTE | E91: =LOOKUP('HOJA 1'!C91,Hoja4!B:B,Hoja4!C:C) -> -
A92: 4 | B92: =LOOKUP('HOJA 1'!C92,Hoja4!B:B,Hoja4!A:A) -> LAURA MELISSA VASQUEZ TOBON | C92: 1000872630 | D92: =LOOKUP(C92,Hoja4!B:B,Hoja4!D:D) -> ESTUDIANTE | E92: =LOOKUP('HOJA 1'!C92,Hoja4!B:B,Hoja4!C:C) -> 0
A93: 5 | B93: =LOOKUP('HOJA 1'!C93,Hoja4!B:B,Hoja4!A:A) -> #N/A | D93: =LOOKUP(C93,Hoja4!B:B,Hoja4!D:D) -> #N/A | E93: =LOOKUP('HOJA 1'!C93,Hoja4!B:B,Hoja4!C:C) -> #N/A
A100: EQUIPO DE INTERVENCION - 7 SUR ALTA
A101: No. | B101: Nombre | C101: Cédula | D101: Perfil | E101: Registro
A102: 1 | B102: =LOOKUP('HOJA 1'!C102,Hoja4!B:B,Hoja4!A:A) -> SARA PAOLA GIRALDO VALENCIA | C102: 1000305851 | D102: =LOOKUP(C102,Hoja4!B:B,Hoja4!D:D) -> AUXILIAR EN ENFERMERIA | E102: =LOOKUP('HOJA 1'!C102,Hoja4!B:B,Hoja4!C:C) -> 5022623
A103: 2 | B103: =LOOKUP('HOJA 1'!C103,Hoja4!B:B,Hoja4!A:A) -> MAURICIO ROMAN VALENCIA | C103: 1040051236 | D103: =LOOKUP(C103,Hoja4!B:B,Hoja4!D:D) -> ESTUDIANTE | E103: =LOOKUP('HOJA 1'!C103,Hoja4!B:B,Hoja4!C:C) -> -
A104: 3 | B104: =LOOKUP('HOJA 1'!C104,Hoja4!B:B,Hoja4!A:A) -> VANESSA ALEJANDRA FRANCO PATIÑO | C104: 1006491759 | D104: =LOOKUP(C104,Hoja4!B:B,Hoja4!D:D) -> ESTUDIANTE | E104: =LOOKUP('HOJA 1'!C104,Hoja4!B:B,Hoja4!C:C) -> -
A105: 4 | B105: =LOOKUP('HOJA 1'!C105,Hoja4!B:B,Hoja4!A:A) -> KIARA SAMANTHA RENDON SANCHEZ | C105: 1038646042 | D105: =LOOKUP(C105,Hoja4!B:B,Hoja4!D:D) -> ESTUDIANTE | E105: =LOOKUP('HOJA 1'!C105,Hoja4!B:B,Hoja4!C:C) -> 0
A106: 5 | B106: =LOOKUP('HOJA 1'!C106,Hoja4!B:B,Hoja4!A:A) -> #N/A | D106: =LOOKUP(C106,Hoja4!B:B,Hoja4!D:D) -> #N/A | E106: =LOOKUP('HOJA 1'!C106,Hoja4!B:B,Hoja4!C:C) -> #N/A
A108: EQUIPO DE INTERVENCION - 8 SUR BAJA
A109: No. | B109: Nombre | C109: Cédula | D109: Perfil | E109: Registro
A110: 1 | B110: =LOOKUP('HOJA 1'!C110,Hoja4!B:B,Hoja4!A:A) -> MAICOL ENRRIQUE PALOMA TORRES | C110: 1111342117 | D110: =LOOKUP(C110,Hoja4!B:B,Hoja4!D:D) -> ESTUDIANTE | E110: =LOOKUP('HOJA 1'!C110,Hoja4!B:B,Hoja4!C:C) -> -
A111: 2 | B111: =LOOKUP('HOJA 1'!C111,Hoja4!B:B,Hoja4!A:A) -> MELISA PARRA VALENCIA | C111: 1007242992 | D111: =LOOKUP(C111,Hoja4!B:B,Hoja4!D:D) -> AUXILIAR EN ENFERMERIA | E111: =LOOKUP('HOJA 1'!C111,Hoja4!B:B,Hoja4!C:C) -> 5514519
A112: 3 | B112: =LOOKUP('HOJA 1'!C112,Hoja4!B:B,Hoja4!A:A) -> VERONICA LISETH ARANGO MANCO | C112: 1017222827 | D112: =LOOKUP(C112,Hoja4!B:B,Hoja4!D:D) -> AUXILIAR EN ENFERMERIA | E112: =LOOKUP('HOJA 1'!C112,Hoja4!B:B,Hoja4!C:C) -> 5568523
A113: 4 | B113: =LOOKUP('HOJA 1'!C113,Hoja4!B:B,Hoja4!A:A) -> ANDRES FELIPE CADAVID SANGUINO | C113: 1025645156 | D113: =LOOKUP(C113,Hoja4!B:B,Hoja4!D:D) -> ESTUDIANTE | E113: =LOOKUP('HOJA 1'!C113,Hoja4!B:B,Hoja4!C:C) -> -
A114: 5 | B114: =LOOKUP('HOJA 1'!C114,Hoja4!B:B,Hoja4!A:A) -> #N/A | D114: =LOOKUP(C114,Hoja4!B:B,Hoja4!D:D) -> #N/A | E114: =LOOKUP('HOJA 1'!C114,Hoja4!B:B,Hoja4!C:C) -> #N/A
A116: EQUIPO DE INTERVENCION - 9 APOYO SUR
A117: No. | B117: Nombre | C117: Cédula | D117: Perfil | E117: Registro
A118: 1 | B118: =LOOKUP('HOJA 1'!C118,Hoja4!B:B,Hoja4!A:A) -> ROBERT SAMIR USUGA FLOREZ | C118: 1040362584 | D118: =LOOKUP(C118,Hoja4!B:B,Hoja4!D:D) -> ESTUDIANTE | E118: =LOOKUP('HOJA 1'!C118,Hoja4!B:B,Hoja4!C:C) -> -
A119: 2 | B119: =LOOKUP('HOJA 1'!C119,Hoja4!B:B,Hoja4!A:A) -> LIACELI PIEDRAITA PARRA | C119: 1017175985 | D119: =LOOKUP(C119,Hoja4!B:B,Hoja4!D:D) -> AUXILIAR EN ENFERMERIA | E119: =LOOKUP('HOJA 1'!C119,Hoja4!B:B,Hoja4!C:C) -> 569323
A120: 3 | B120: =LOOKUP('HOJA 1'!C120,Hoja4!B:B,Hoja4!A:A) -> DIANA MARIA HERNANDEZ CARDENAS | C120: 1152470460 | D120: =LOOKUP(C120,Hoja4!B:B,Hoja4!D:D) -> ESTUDIANTE | E120: =LOOKUP('HOJA 1'!C120,Hoja4!B:B,Hoja4!C:C) -> -
A121: 4 | B121: =LOOKUP('HOJA 1'!C121,Hoja4!B:B,Hoja4!A:A) -> DANIELA RENDON ESCUDERO | C121: 1001140199 | D121: =LOOKUP(C121,Hoja4!B:B,Hoja4!D:D) -> ESTUDIANTE | E121: =LOOKUP('HOJA 1'!C121,Hoja4!B:B,Hoja4!C:C) -> -
...

Sheet Hoja4
A1: NOMBRE COMPLETO | B1: NUMERO DE IDENTIFICACION | C1: REGISTRO | D1: PERFIL | N1: PERFILES
A2: ANDRES FELIPE OSORIO BUSTAMANTE | B2: 3378920 | C2: - | D2: ESTUDIANTE | N2: SOCORRISTA
A3: JOSE MIGUEL FERNANDEZ LANDAETA | B3: 4675021 | C3: 25060177953 | D3: AUXILIAR EN ENFERMERIA | N3: AUXILIAR EN ENFERMERIA
A4: LUIS EDUARDO RUEDA MURILLO | B4: 15490976 | C4: - | D4: SOCORRISTA | N4: ESTUDIANTE
A5: IVAN DARIO VIEIRA PALACIO | B5: 15665121 | C5: - | D5: SOCORRISTA | N5: AUXILIAR EN ENFERMERIA / SOCORRISTA
A6: NEDIS MARIA SANCHEZ PEREZ | B6: 30687786 | C6: 23000229 | D6: AUXILIAR EN ENFERMERIA / SOCORRISTA | N6: MEDICO
A7: MARCELA JARAMILLO JARAMILLO | B7: 32108979 | C7: 5431611 | D7: AUXILIAR EN ENFERMERIA | N7: ENFERMERO
A8: ZAYDA JOHANA RODRIGUEZ DE LUQUE | B8: 39176010 | C8: 5053909 | D8: MEDICO | N8: APH
A9: SORANY MARIA CARDENAS GOMEZ | B9: 43102696 | C9: 4178 | D9: AUXILIAR EN ENFERMERIA | N9: APH / SOCORRISTA
A10: MARISOL JIMENEZ ARIAS | B10: 43155821 | C10: 3414 | D10: MEDICO | N10: CONDUCTOR
A11: IVONNE AYDEE DAVID RUIZ | B11: 43269083 | C11: - | D11: ESTUDIANTE
A12: ISABEL CRISTINA POSSO BALDOVINO | B12: 43269224 | C12: 25060180506 | D12: AUXILIAR EN ENFERMERIA
A13: LINA MARCELA RESTREPO MONTAÑO | B13: 43272593 | C13: 5639416 | D13: AUXILIAR EN ENFERMERIA
A14: MARIA SALOME VALENCIA LUNA | B14: 43555911 | C14: - | D14: SOCORRISTA
A15: ANGELA MARIA OLARTE SEPULVEDA | B15: 43607099 | C15: 360 | D15: AUXILIAR EN ENFERMERIA
A16: NANCY CRISTINA MONSALVE | B16: 43623145 | C16: 60018289 | D16: AUXILIAR EN ENFERMERIA
A17: SANDRA EUGENIA VIEIRA MONTOYA | B17: 43750392 | C17: 52860 | D17: MEDICO
A18: SANDRA MILENA FERNANDEZ CORTEZ | B18: 43754698 | C18: 51322 | D18: AUXILIAR EN ENFERMERIA
A19: MARGARITA MARIA PALACIO BERRIO | B19: 43915171 | C19: 5782922 | D19: AUXILIAR EN ENFERMERIA
A20: SONIA INES LOPEZ MORALES | B20: 44004733 | C20: - | D20: ESTUDIANTE
A21: LILIANA LINETH RODRIGUEZ MARTINEZ | B21: 49789412 | C21: 47854 | D21: AUXILIAR EN ENFERMERIA
A22: ANDREA FONSECA FLOREZ | B22: 52285356 | C22: 5312 | D22: AUXILIAR EN ENFERMERIA
A23: MAYELBE GOMEZ PIAMONTE | B23: 63492218 | C23: 5702722 | D23: APH
A24: JUAN CARLOS CARO GIL | B24: 71220062 | C24: 5329322 | D24: APH / SOCORRISTA
A25: JHON ALEXANDER TUBERQUIA HENAO | B25: 71221040 | C25: 71221040 | D25: MEDICO
A26: DIEGO ALEJANDRO GUTIERREZ HERRERA | B26: 71337752 | C26: COND | D26: CONDUCTOR
A27: JORGE ABAD MARIN MARIN | B27: 71531476 | C27: - | D27: SOCORRISTA
A28: SAMUEL DIAZ CAMARGO | B28: 71587271 | C28: - | D28: SOCORRISTA
A29: GIOVAMNNI ALBERTO CALLE PULGARIN | B29: 71631378 | C29: COND | D29: CONDUCTOR
A30: OSCAR EMILIO CASTAÑO GOMEZ | B30: 71708637 | C30: COND | D30: CONDUCTOR
A31: JOSE NOLBERTO GRAJALES CORREA | B31: 71777291 | C31: - | D31: SOCORRISTA
A32: PEDRO IGNACIO RODRIGUEZ RUIZ | B32: 79530545 | C32: COND | D32: CONDUCTOR
A33: FREDY HERNANDO ORTEGON BERMUDEZ | B33: 93131001 | C33: 1560 | D33: AUXILIAR EN ENFERMERIA
A34: YOVANNI GONZALEZ CARVAJAL | B34: 96124264 | C34: COND | D34: CONDUCTOR
A35: OLMER ANTONIO TANGARIFE HIGUITA | B35: 98540523 | C35: 5347011 | D35: AUXILIAR EN ENFERMERIA
A36: DUBARIEL DE JESUS SANCHEZ PARRA | B36: 98558130 | C36: - | D36: SOCORRISTA
A37: JHON JAIRO LONDOÑO ROJO | B37: 98578664 | C37: COND | D37: CONDUCTOR
A38: JOSE ANIBAL VILLADA MORALES | B38: 98595642 | C38: 5451411 | D38: APH / SOCORRISTA
A39: JOHN EDISON ESPINAL CORREA | B39: 98712282 | C39: 5221320 | D39: APH
A40: JEYKSON BETANCUR MARIN | B40: 98714960 | C40: 25061010963 | D40: APH
A41: ANDRES FELIPE GAVIRIA BUSTAMANTE | B41: 98762700 | C41: 5637517 | D41: APH / SOCORRISTA
A42: VALERIA MEJIA BARRIWENTOS | B42: 1000084325 | C42: - | D42: ESTUDIANTE
A43: MATEO ALZATE ZORA | B43: 1000084681 | C43: - | D43: ESTUDIANTE
A44: LICETH CAROLINA MATIZ VALENCIA | B44: 1000085342 | C44: 25060175611 | D44: APH
A45: ELKIN DARIO CORREA HENAO | B45: 1000087505 | C45: - | D45: ESTUDIANTE
A46: MANUELA QUINTERO GONZALEZ | B46: 1000088364 | C46: 5453522 | D46: APH
A47: JUAN JOSE TUIRAN OSSA | B47: 1000089746 | C47: - | D47: ESTUDIANTE
A48: ANGELIN GAVIRIA VANEGAS | B48: 1000099681 | C48: 25060173755 | D48: APH
A49: LAURA ANDREA LLANO CANO | B49: 1000190302 | C49: 5649121 | D49: AUXILIAR EN ENFERMERIA
A50: MARIANA PATIÑO BEDOYA | B50: 1000191310 | C50: - | D50: ESTUDIANTE
A51: SARA HERNADEZ GRISALES | B51: 1000207860 | C51: 25060179513 | D51: APH
A52: LISSETH ANDREA HOLGUIN BARRIENTOS | B52: 1000207920 | C52: 24060080553 | D52: AUXILIAR EN ENFERMERIA
A53: NYKOLL ATEHORTUA CATAÑO | B53: 1000289968 | C53: 5100220 | D53: AUXILIAR EN ENFERMERIA
A54: MARIA ISABEL PEREZ PATIÑO | B54: 1000294604 | C54: - | D54: ESTUDIANTE
A55: MARIA CAMILA MOLINA MUÑETON | B55: 1000294675 | C55: 24060429605 | D55: APH
A56: SARA PAOLA GIRALDO VALENCIA | B56: 1000305851 | C56: 5022623 | D56: AUXILIAR EN ENFERMERIA
A57: SANTIAGO LINARES HERNANDEZ | B57: 1000306225 | C57: - | D57: ESTUDIANTE
A58: MARIA FERNANDA VARGAS PENAGOS | B58: 1000364018 | D58: ESTUDIANTE
A59: JUAN PABLO MARTINEZ CARDONA | B59: 1000393168 | C59: 5482419 | D59: AUXILIAR EN ENFERMERIA
A60: YENNY RODRIGUEZ PUPO | B60: 1000394312 | C60: - | D60: ESTUDIANTE
A61: KAREN TATIANA ARBOLEDA AGUDELO | B61: 1000400004 | C61: 25060172563 | D61: APH
A62: KEVIN ALBERTO GUIRALES ARENAS | B62: 1000402259 | C62: - | D62: ESTUDIANTE
A63: JULIANA LOPEZ ZAPATA | B63: 1000409369 | C63: - | D63: ESTUDIANTE
A64: DAYANA GODOY TABORDA | B64: 1000414788 | C64: - | D64: ESTUDIANTE
A65: ANA MARIA PEREZ NOREÑA | B65: 1000444716 | C65: - | D65: ESTUDIANTE
A66: SARA CASTRO CARDONA | B66: 1000534222 | C66: - | D66: ESTUDIANTE
A67: KATERINE MUÑOZ CORREA | B67: 1000535955 | C67: 24060076966 | D67: APH
A68: MARIA CAMILA CASTAÑO FLOREZ | B68: 1000537543 | C68: 25060175284 | D68: AUXILIAR EN ENFERMERIA
A69: LAURA RIVERA GOMEZ | B69: 1000547492 | C69: - | D69: ESTUDIANTE
A70: VANESSA RAMIREZ SEPULVEDA | B70: 1000567127 | C70: 5362720 | D70: AUXILIAR EN ENFERMERIA
A71: JUAN PABLO OCAMPO QUIROZ | B71: 1000570845 | C71: - | D71: ESTUDIANTE
A72: LAURA MARIA PANTOJA MEJIA | B72: 1000602970 | C72: 25060179924 | D72: APH
A73: CAMILA SERNA VALLEJO | B73: 1000634654 | C73: 5425922 | D73: APH
A74: MANUELA LOPEZ GONZALEZ | B74: 1000639939 | D74: ESTUDIANTE
A75: ALEJANDRO ZAPATA ZABALA | B75: 1000644768 | C75: - | D75: ESTUDIANTE
A76: VALERIA ZAPATA ZABALA | B76: 1000644769 | C76: - | D76: ESTUDIANTE
A77: JULIETTE ALEJANDRA FERNANDEZ LOPERA | B77: 1000654382 | C77: - | D77: ESTUDIANTE
A78: JUAN PABLO GOMEZ ARANGO | B78: 1000662023 | C78: - | D78: ESTUDIANTE
A79: MARIA LIZETH AGUIRRE GOMEZ | B79: 1000662143 | C79: 5021322 | D79: APH
A80: MARIANA ACEVEDO NARANJO | B80: 1000662269 | C80: - | D80: ESTUDIANTE
A81: FRANCK NIKOLAS RODRIGUEZ OLIVEROS | B81: 1000748597 | C81: 24060021228 | D81: APH
A82: KAREN ESTRADA PULGARIN | B82: 1000752456 | C82: - | D82: ESTUDIANTE
A83: ANA MARIA ARENAS CAÑAS | B83: 1000756090 | C83: 5645223 | D83: APH
A84: SEBASTIAN PADILLA RESTREPO | B84: 1000764249 | C84: - | D84: ESTUDIANTE
A85: KEVIN ALEXANDER BEDOYA CATAÑO | B85: 1000871491 | C85: - | D85: ESTUDIANTE
A86: LAURA MELISSA VASQUEZ TOBON | B86: 1000872630 | D86: ESTUDIANTE
A87: EVELIN GIL RUIZ | B87: 1000874145 | C87: - | D87: ESTUDIANTE
A88: VALENTINA BENITEZ BOTERO | B88: 1000874319 | C88: - | D88: ESTUDIANTE
A89: MIGUEL ANGEL CAMPILLO ATEHORTUA | B89: 1000898470 | C89: 5122123 | D89: AUXILIAR EN ENFERMERIA
A90: YERLYN VELEZ DUQUE | B90: 1000899076 | C90: 5011823 | D90: AUXILIAR EN ENFERMERIA
A91: ISMAEL MONTOYA DURANGO | B91: 1000899444 | C91: - | D91: ESTUDIANTE
A92: JUAN JOSE NARANJO CALDERON | B92: 1000902161 | C92: - | D92: ESTUDIANTE
A93: MELISSA HIDALGO AVENDAÑO | B93: 1000902733 | C93: 5096521 | D93: AUXILIAR EN ENFERMERIA
A94: JOHAN ESNEIDER VALBUENA VIVAS | B94: 1000970493 | C94: - | D94: ESTUDIANTE
A95: DIANA SOFIA URIBE CHAVARRIA | B95: 1001015706 | C95: - | D95: ESTUDIANTE
A96: MATEO JARAMILLO DUQUE | B96: 1001016088 | C96: - | D96: ESTUDIANTE
A97: ANA FERNANDA GALVAN BARRIOS | B97: 1001021489 | C97: - | D97: ESTUDIANTE
A98: OMAR ALEXANDER GOMEZ DORADO | B98: 1001082959 | C98: - | D98: ESTUDIANTE
A99: MANUELA CARRASQUILLA TORRES | B99: 1001139385 | C99: - | D99: ESTUDIANTE
A100: DANIELA RENDON ESCUDERO | B100: 1001140199 | C100: - | D100: ESTUDIANTE
...
